playerName,playerID,age,tm,lg,G,PA,AB,R,H,B2,B3,HR,RBI,SB,CS,BB,SO,TB,GDP,HBP,SH,SF,IBB
Fernando Abad*,abadfe01,33,SFG,NL,3,0,0,0,0,0,0,0,0,0,0,0,0,0,0,0,0,0,0
Jose Abreu,abreujo02,32,CHW,AL,122,529,491,61,134,27,0,26,89,2,2,26,118,239,17,6,0,6,3
Ronald Acuna Jr.,acunaro01,21,ATL,NL,125,578,510,104,151,16,1,35,85,29,7,57,142,274,7,8,0,0,3
Willy Adames,adamewi01,23,TBR,AL,117,458,416,53,102,19,1,15,37,4,1,36,121,168,7,3,3,0,1
Matt Adams*,adamsma01,30,WSN,NL,91,273,254,39,62,11,0,19,52,0,0,17,89,130,6,1,0,1,0
Jim Adduci*,adducji02,34,CHC,NL,2,5,5,0,0,0,0,0,0,0,0,0,3,0,0,0,0,0,0
Ehire Adrianza#,adriaeh01,29,MIN,AL,71,200,169,31,50,7,3,4,19,0,2,19,29,75,2,6,1,3,1
Dario Agrazal,agrazda01,24,PIT,NL,7,12,12,0,0,0,0,0,0,0,0,0,6,0,0,0,0,0,0
Nick Ahmed,ahmedni01,29,ARI,NL,123,486,431,67,118,26,4,16,68,7,1,42,86,200,11,2,1,10,1
Matt Albers*,alberma01,36,MIL,NL,50,0,0,0,0,0,0,0,0,0,0,0,0,0,0,0,0,0,0
Hanser Alberto,alberha01,26,BAL,AL,105,404,385,39,123,17,2,7,37,4,2,11,39,165,6,3,2,3,1
Ozzie Albies#,albieoz01,22,ATL,NL,125,546,500,78,148,33,7,18,68,11,3,41,87,249,2,3,0,2,4
Sandy Alcantara,alcansa01,23,MIA,NL,23,44,40,2,5,1,0,0,4,0,0,1,28,6,0,1,2,0,0
Victor Alcantara,alcanvi01,26,DET,AL,7,0,0,0,0,0,0,0,0,0,0,0,0,0,0,0,0,0,0
Scott Alexander*,alexasc02,29,LAD,NL,27,0,0,0,0,0,0,0,0,0,0,0,0,0,0,0,0,0,0
Jorge Alfaro,alfarjo01,26,MIA,NL,97,346,325,30,84,10,1,11,40,2,3,12,119,129,7,7,0,2,0
Anthony Alford,alforan01,24,TOR,AL,1,3,3,0,0,0,0,0,0,0,0,0,1,0,0,0,0,0,0
Kolby Allard*,allarko01,21,TEX,AL,1,2,2,0,0,0,0,0,0,0,0,0,0,0,0,0,0,0,0
Austin Allen*,allenau01,25,SDP,NL,21,49,44,2,11,3,0,0,3,0,0,5,10,14,1,0,0,0,3
Cody Allen,allenco01,30,LAA,AL,1,1,1,0,0,0,0,0,0,0,0,0,1,0,0,0,0,0,0
Greg Allen#,allengr01,26,CLE,AL,57,176,159,26,38,7,3,4,23,3,2,8,33,63,3,6,2,1,0
Yency Almonte#,almonye01,25,COL,NL,10,3,3,0,0,0,0,0,0,0,0,0,1,0,0,0,0,0,0
Albert Almora,almoral01,25,CHC,NL,114,343,321,39,78,11,1,12,32,2,1,14,58,127,7,1,5,2,2
Pete Alonso,alonspe01,24,NYM,NL,123,526,447,76,121,25,2,40,95,1,0,59,133,270,10,17,0,3,3
Dan Altavilla,altavda01,26,SEA,AL,1,0,0,0,0,0,0,0,0,0,0,0,0,0,0,0,0,0,0
Jose Altuve,altuvjo01,29,HOU,AL,89,398,361,65,107,19,1,22,54,5,3,32,57,194,16,3,0,2,0
Jose Alvarado*,alvarjo03,24,TBR,AL,4,0,0,0,0,0,0,0,0,0,0,0,0,0,0,0,0,0,0
Jose Alvarez*,alvarjo02,30,PHI,NL,48,0,0,0,0,0,0,0,0,0,0,0,0,0,0,0,0,0,0
Yordan Alvarez*,alvaryo01,22,HOU,AL,53,228,197,34,66,15,0,19,55,0,0,28,55,138,7,1,0,2,3
Adbert Alzolay,alzolad01,24,CHC,NL,3,5,5,0,0,0,0,0,0,0,0,0,2,0,0,0,0,0,0
Brett Anderson*,anderbr04,31,OAK,AL,3,8,8,1,4,0,0,0,0,0,0,0,2,4,0,0,0,0,0
Brian Anderson,anderbr06,26,MIA,NL,122,506,448,55,116,32,1,20,65,5,1,42,111,210,15,13,0,3,1
Chase Anderson,anderch01,31,MIL,NL,23,34,30,0,1,0,0,0,1,0,0,2,19,1,0,0,2,0,0
Drew Anderson,anderdr02,25,PHI,NL,2,1,1,0,0,0,0,0,0,0,0,0,1,0,0,0,0,0,0
Justin Anderson*,anderju01,26,LAA,AL,5,0,0,0,0,0,0,0,0,0,0,0,0,0,0,0,0,0,0
Shaun Anderson,andersh01,24,SFG,NL,15,27,24,0,2,1,0,0,0,0,0,0,18,3,0,1,2,0,0
Tanner Anderson,anderta01,26,OAK,AL,1,1,1,0,0,0,0,0,0,0,0,0,1,0,0,0,0,0,0
Tim Anderson,anderti01,26,CHW,AL,89,365,351,54,116,21,0,12,42,16,4,10,73,173,9,3,0,1,0
Tyler Anderson*,anderty01,29,COL,NL,5,8,7,1,1,0,0,0,0,0,0,0,4,1,1,0,1,0,0
Matt Andriese,andrima01,29,ARI,NL,37,5,5,0,0,0,0,0,0,0,0,0,2,0,0,0,0,0,0
Elvis Andrus,andruel01,30,TEX,AL,112,493,456,59,129,23,4,9,58,25,5,25,71,187,11,4,0,8,0
Miguel Andujar,andujmi01,24,NYY,AL,12,49,47,1,6,0,0,0,1,0,0,1,11,6,4,0,0,1,0
Aristides Aquino,aquinar01,25,CIN,NL,17,63,57,15,19,1,0,11,22,0,0,6,14,53,1,0,0,0,1
Victor Arano,aranovi01,24,PHI,NL,3,0,0,0,0,0,0,0,0,0,0,0,0,0,0,0,0,0,0
Chris Archer,archech01,30,PIT,NL,21,41,35,1,4,0,0,0,2,0,0,3,19,4,0,0,3,0,0
Orlando Arcia,arciaor01,24,MIL,NL,117,429,388,47,89,11,1,14,44,7,4,37,87,144,14,0,1,3,5
Nolan Arenado,arenano01,28,COL,NL,122,519,464,80,140,24,2,30,94,2,2,45,70,258,9,3,0,7,9
Randy Arozarena,arozara01,24,STL,NL,3,8,8,0,2,0,0,0,1,0,0,0,2,2,0,0,0,0,0
Luis Arraez*,arraelu01,22,MIN,AL,58,226,199,35,68,10,1,3,20,1,2,24,16,89,2,1,0,2,1
Jake Arrieta,arrieja01,33,PHI,NL,23,50,45,2,7,1,0,0,4,0,0,1,19,8,1,0,4,0,0
Christian Arroyo,arroych01,24,TBR,AL,16,57,50,8,11,2,0,2,7,0,0,5,18,19,0,1,1,0,0
Humberto Arteaga,arteahu01,25,KCR,AL,28,98,89,8,17,2,0,0,4,1,1,5,18,19,2,1,2,0,0
Willians Astudillo,astudwi01,27,MIN,AL,39,142,133,19,35,7,0,3,13,0,0,2,5,51,6,3,0,4,0
Abiatal Avelino,aveliab01,24,SFG,NL,1,1,1,0,0,0,0,0,0,0,0,0,0,0,0,0,0,0,0
Alex Avila*,avilaal01,32,ARI,NL,45,144,115,17,26,5,0,8,21,1,0,28,43,55,6,1,0,0,6
Pedro Avila,avilape01,22,SDP,NL,1,2,1,0,0,0,0,0,0,0,0,0,0,0,0,0,1,0,0
Luis Avilan*,avilalu01,29,NYM,NL,25,0,0,0,0,0,0,0,0,0,0,0,0,0,0,0,0,0,0
Harrison Bader,baderha01,25,STL,NL,90,260,221,31,43,10,2,6,19,6,3,29,73,75,2,8,1,1,4
Javier Baez,baezja01,26,CHC,NL,121,513,488,83,139,34,4,28,81,10,6,23,141,265,14,0,0,2,3
Michel Baez,baezmi01,23,SDP,NL,8,0,0,0,0,0,0,0,0,0,0,0,0,0,0,0,0,0,0
Pedro Baez,baezpe01,31,LAD,NL,52,0,0,0,0,0,0,0,0,0,0,0,0,0,0,0,0,0,0
Manny Banuelos,banuema01,28,CHW,AL,1,0,0,0,0,0,0,0,0,0,0,0,0,0,0,0,0,0,0
Luke Bard,bardlu01,28,LAA,AL,2,0,0,0,0,0,0,0,0,0,0,0,0,0,0,0,0,0,0
Scott Barlow,barlosc01,26,KCR,AL,2,0,0,0,0,0,0,0,0,0,0,0,0,0,0,0,0,0,0
Austin Barnes,barneau01,29,LAD,NL,70,233,204,27,40,10,1,5,23,3,0,22,53,67,8,5,0,2,3
Matt Barnes,barnema01,29,BOS,AL,3,1,1,0,0,0,0,0,0,0,0,0,1,0,0,0,0,0,0
Tony Barnette,barneto01,35,CHC,NL,2,0,0,0,0,0,0,0,0,0,0,0,0,0,0,0,0,0,0
Tucker Barnhart#,barnhtu01,28,CIN,NL,80,257,221,28,51,7,0,9,32,0,0,32,60,85,3,2,1,1,7
Kyle Barraclough,barraky01,29,WSN,NL,32,0,0,0,0,0,0,0,0,0,0,0,0,0,0,0,0,0,0
Franklin Barreto,barrefr02,23,OAK,AL,17,48,47,6,5,1,0,2,4,1,0,1,18,12,0,0,0,0,0
Jaime Barria,barrija01,22,LAA,AL,1,2,2,0,0,0,0,0,0,0,0,0,1,0,0,0,0,0,0
Tyler Bashlor,bashlty01,26,NYM,NL,18,0,0,0,0,0,0,0,0,0,0,0,0,0,0,0,0,0,0
Anthony Bass,bassan01,31,SEA,AL,1,0,0,0,0,0,0,0,0,0,0,0,0,0,0,0,0,0,0
Chris Bassitt,bassich01,30,OAK,AL,3,5,4,0,0,0,0,0,0,0,0,0,2,0,0,0,1,0,0
Jake Bauers*,bauerja01,23,CLE,AL,100,383,343,42,80,15,1,11,39,2,3,35,102,130,3,3,0,2,0
Matt Beaty*,beatyma01,26,LAD,NL,65,185,175,27,52,16,1,7,37,2,0,10,24,91,3,0,0,0,1
Gordon Beckham,beckhgo01,32,DET,AL,69,207,190,24,42,12,2,5,14,2,1,13,62,73,5,4,0,0,0
Tim Beckham,beckhti01,29,SEA,AL,88,328,304,39,72,21,1,15,47,1,3,21,102,140,7,3,0,0,0
Cam Bedrosian,bedroca01,27,LAA,AL,6,0,0,0,0,0,0,0,0,0,0,0,0,0,0,0,0,0,0
Tyler Beede,beedety01,26,SFG,NL,18,32,27,2,4,0,0,0,1,0,0,3,17,4,0,0,2,0,0
Jalen Beeks*,beeksja02,25,TBR,AL,4,3,3,0,0,0,0,0,0,0,0,0,2,0,0,0,0,0,0
Josh Bell#,belljo02,26,PIT,NL,119,512,443,84,124,36,3,31,98,0,1,60,106,259,8,3,0,6,9
Cody Bellinger*,bellico01,23,LAD,NL,121,519,438,98,139,25,2,42,97,10,5,73,85,294,6,3,0,4,15
Brandon Belt*,beltbr01,31,SFG,NL,120,485,409,62,94,20,2,14,48,3,3,70,99,160,5,3,0,3,2
Andrew Benintendi*,beninan01,24,BOS,AL,111,514,454,62,130,37,5,12,63,9,2,50,119,213,3,5,2,3,1
Travis Bergen*,bergetr01,25,SFG,NL,21,0,0,0,0,0,0,0,0,0,0,0,0,0,0,0,0,0,0
Jose Berrios,berrijo01,25,MIN,AL,2,5,4,1,0,0,0,0,0,0,0,1,4,0,0,0,0,0,0
Jon Berti,bertijo01,29,MIA,NL,39,137,120,27,33,8,1,3,11,5,1,12,27,52,2,4,0,1,0
Chad Bettis,bettich01,30,COL,NL,35,10,5,0,0,0,0,0,0,0,0,2,2,0,0,0,3,0,0
Mookie Betts,bettsmo01,26,BOS,AL,125,589,492,115,140,35,5,21,65,12,3,88,87,248,11,2,0,7,6
Bo Bichette,bichebo01,21,TOR,AL,20,94,87,13,29,12,0,5,9,2,4,7,23,56,1,0,0,0,0
Shane Bieber,biebesh01,24,CLE,AL,1,3,3,0,0,0,0,0,0,0,0,0,1,0,0,0,0,0,0
Cavan Biggio*,biggica01,24,TOR,AL,69,292,244,41,51,10,0,10,31,9,0,46,85,91,0,0,0,1,0
Greg Bird*,birdgr01,26,NYY,AL,10,41,35,6,6,0,0,1,1,0,0,6,16,9,1,0,0,0,0
Kyle Bird*,birdky01,26,TEX,AL,1,0,0,0,0,0,0,0,0,0,0,0,0,0,0,0,0,0,0
Braden Bishop,bishobr01,25,SEA,AL,10,24,24,1,2,0,0,0,2,0,0,0,9,2,0,0,0,0,0
Charlie Blackmon*,blackch02,32,COL,NL,105,485,450,93,147,33,7,26,69,2,4,28,84,272,5,6,0,1,1
Michael Blazek,blazemi01,30,WSN,NL,4,0,0,0,0,0,0,0,0,0,0,0,0,0,0,0,0,0,0
Richard Bleier*,bleieri01,32,BAL,AL,4,0,0,0,0,0,0,0,0,0,0,0,0,0,0,0,0,0,0
Jerry Blevins*,blevije01,35,ATL,NL,34,0,0,0,0,0,0,0,0,0,0,0,0,0,0,0,0,0,0
Xander Bogaerts,bogaexa01,26,BOS,AL,122,552,486,95,150,42,0,27,94,4,1,61,100,273,7,1,0,4,2
Skye Bolt#,boltsk01,25,OAK,AL,4,8,7,1,1,1,0,0,0,0,0,1,2,2,0,0,0,0,0
Jorge Bonifacio,bonifjo01,26,KCR,AL,5,21,20,3,7,3,0,0,3,0,0,1,7,10,0,0,0,0,0
David Bote,boteda01,26,CHC,NL,106,310,268,38,69,16,0,10,40,4,1,35,81,115,7,5,0,2,3
Justin Bour*,bourju01,31,LAA,AL,45,160,142,18,26,5,0,8,26,0,0,16,46,55,7,1,0,1,0
Peter Bourjos,bourjpe01,32,LAA,AL,26,46,44,4,4,1,0,0,2,2,0,1,15,5,1,0,0,1,0
James Bourque,bourqja01,25,WSN,NL,1,0,0,0,0,0,0,0,0,0,0,0,0,0,0,0,0,0,0
Matt Bowman,bowmama01,28,CIN,NL,18,1,1,0,0,0,0,0,0,0,0,0,0,0,0,0,0,0,0
Brad Boxberger,boxbebr01,31,KCR,AL,2,0,0,0,0,0,0,0,0,0,0,0,0,0,0,0,0,0,0
Matthew Boyd*,boydma01,28,DET,AL,1,2,2,0,1,0,0,0,0,0,0,0,1,1,0,0,0,0,0
Chasen Bradford,bradfch02,29,SEA,AL,1,0,0,0,0,0,0,0,0,0,0,0,0,0,0,0,0,0,0
Archie Bradley,bradlar01,26,ARI,NL,44,1,1,0,0,0,0,0,0,0,0,0,1,0,0,0,0,0,0
Bobby Bradley*,bradlbo01,23,CLE,AL,15,49,45,4,8,5,0,1,4,0,0,4,20,16,2,0,0,0,0
Jackie Bradley Jr.*,bradlja02,29,BOS,AL,114,454,394,53,87,21,3,14,47,7,2,44,116,156,5,11,3,2,3
Michael Brantley*,brantmi02,32,HOU,AL,116,508,460,75,154,37,2,18,74,3,2,40,52,249,16,5,0,3,3
Rob Brantly*,brantro01,29,PHI,NL,1,1,1,0,0,0,0,0,0,0,0,0,1,0,0,0,0,0,0
Ryan Brasier,brasiry01,31,BOS,AL,2,0,0,0,0,0,0,0,0,0,0,0,0,0,0,0,0,0,0
Steven Brault*,braulst01,27,PIT,NL,20,31,26,5,9,1,0,0,1,0,0,1,4,10,1,0,4,0,0
Ryan Braun,braunry02,35,MIL,NL,114,410,373,55,106,23,2,18,55,9,1,26,86,187,13,6,0,1,1
John Brebbia*,brebbjo01,29,STL,NL,48,1,1,1,1,0,0,0,0,0,0,0,0,1,0,0,0,0,0
Alex Bregman,bregmal01,25,HOU,AL,119,531,426,93,120,26,2,30,83,4,1,92,65,240,8,6,0,7,1
Brandon Brennan,brennbr01,27,SEA,AL,1,0,0,0,0,0,0,0,0,0,0,0,0,0,0,0,0,0,0
Colten Brewer,breweco01,26,BOS,AL,1,0,0,0,0,0,0,0,0,0,0,0,0,0,0,0,0,0,0
Austin Brice,briceau01,27,MIA,NL,31,0,0,0,0,0,0,0,0,0,0,0,0,0,0,0,0,0,0
Jeff Brigham,brighje01,27,MIA,NL,16,1,1,0,0,0,0,0,0,0,0,0,1,0,0,0,0,0,0
Lewis Brinson,brinsle01,25,MIA,NL,41,135,126,5,23,7,0,0,8,1,1,4,41,30,4,3,1,1,0
Socrates Brito*,britoso01,26,TOR,AL,17,43,39,5,3,0,1,0,2,0,0,4,17,5,2,0,0,0,0
Zack Britton*,brittza01,31,NYY,AL,3,0,0,0,0,0,0,0,0,0,0,0,0,0,0,0,0,0,0
Mike Brosseau,brossmi01,25,TBR,AL,37,116,109,14,31,6,0,5,15,1,0,4,29,52,2,2,1,0,0
Kris Bryant,bryankr01,27,CHC,NL,118,517,443,89,128,32,1,25,61,2,0,61,110,237,8,12,0,1,1
Ryan Buchter*,buchtry01,32,OAK,AL,4,0,0,0,0,0,0,0,0,0,0,0,0,0,0,0,0,0,0
Walker Buehler,buehlwa01,24,LAD,NL,23,53,47,3,4,0,0,1,2,0,0,3,25,7,0,0,3,0,0
Madison Bumgarner,bumgama01,29,SFG,NL,28,61,51,3,7,0,0,1,3,0,0,7,32,10,0,0,3,0,0
Aaron Bummer*,bummeaa01,25,CHW,AL,5,0,0,0,0,0,0,0,0,0,0,0,0,0,0,0,0,0,0
Dylan Bundy#,bundydy01,26,BAL,AL,1,2,2,0,0,0,0,0,0,0,0,0,2,0,0,0,0,0,0
Nick Burdi,burdini01,26,PIT,NL,10,0,0,0,0,0,0,0,0,0,0,0,0,0,0,0,0,0,0
Corbin Burnes,burneco01,24,MIL,NL,28,8,7,0,2,0,0,0,0,0,0,0,2,2,0,0,1,0,0
Drew Butera,buterdr01,35,COL,NL,7,19,17,4,3,2,0,0,0,0,0,1,4,5,0,0,1,0,0
Ty Buttrey*,buttrty01,26,LAA,AL,4,0,0,0,0,0,0,0,0,0,0,0,0,0,0,0,0,0,0
Byron Buxton,buxtoby01,25,MIN,AL,82,295,271,48,71,30,4,10,46,14,3,19,68,139,3,2,2,1,1
Genesis Cabrera*,cabrege01,22,STL,NL,5,3,3,0,0,0,0,0,0,0,0,0,3,0,0,0,0,0,0
Melky Cabrera#,cabreme01,34,PIT,NL,106,329,314,36,88,19,1,6,39,2,0,13,36,127,12,1,1,0,2
Miguel Cabrera,cabremi01,36,DET,AL,109,443,400,32,111,18,0,9,48,0,0,36,90,156,16,3,0,4,3
Trevor Cahill,cahiltr01,31,LAA,AL,2,3,3,0,1,0,0,0,0,0,0,0,1,1,0,0,0,0,0
Lorenzo Cain,cainlo01,33,MIL,NL,113,502,452,61,113,25,0,8,40,15,6,41,85,162,12,5,0,4,0
Kole Calhoun*,calhoko01,31,LAA,AL,118,492,431,74,101,23,1,27,61,3,1,52,120,207,10,6,0,2,6
Willie Calhoun*,calhowi01,24,TEX,AL,46,178,166,28,47,9,1,11,27,0,0,11,30,91,3,1,0,0,0
Johan Camargo#,camarjo01,25,ATL,NL,89,236,221,26,49,10,1,5,29,1,0,14,40,76,5,0,1,0,2
Jeimer Candelario#,candeje01,25,DET,AL,73,308,273,27,54,12,1,7,24,3,1,31,82,89,2,4,0,0,1
Mark Canha,canhama01,30,OAK,AL,90,341,283,52,74,11,2,18,39,2,2,46,77,143,6,10,0,2,1
Griffin Canning,cannigr01,23,LAA,AL,1,2,2,0,0,0,0,0,0,0,0,0,1,0,0,0,0,0,0
Robinson Cano*,canoro01,36,NYM,NL,86,346,325,37,82,23,0,10,32,0,0,17,58,135,13,3,0,1,3
Matt Carasiti,carasma01,27,SEA,AL,1,1,1,0,0,0,0,0,0,0,0,0,0,0,0,0,0,0,0
Victor Caratini#,caratvi01,25,CHC,NL,61,175,151,18,38,8,0,6,22,0,0,22,38,64,4,1,0,1,0
Shane Carle,carlesh01,27,ATL,NL,5,1,1,0,0,0,0,0,0,0,0,0,1,0,0,0,0,0,0
Matt Carpenter*,carpema01,33,STL,NL,94,393,333,46,71,14,2,11,33,6,1,50,101,122,3,5,1,4,0
Ryan Carpenter*,carpery01,28,DET,AL,1,2,2,0,0,0,0,0,0,0,0,0,1,0,0,0,0,0,0
Curt Casali,casalcu01,30,CIN,NL,62,172,150,19,38,7,0,6,24,0,0,19,44,63,0,1,0,2,1
Diego Castillo,castidi01,25,TBR,AL,7,1,1,0,0,0,0,0,0,0,0,0,1,0,0,0,0,0,0
Jose Castillo*,castijo03,23,SDP,NL,1,0,0,0,0,0,0,0,0,0,0,0,0,0,0,0,0,0,0
Luis Castillo,castilu02,26,CIN,NL,24,50,46,2,4,1,0,0,0,0,0,0,24,5,1,0,4,0,0
Welington Castillo,castiwe01,32,CHW,AL,54,192,174,12,36,9,0,7,23,0,0,14,56,66,6,3,0,1,0
Wilkin Castillo#,castiwi01,35,MIA,NL,2,7,7,0,1,1,0,0,2,0,0,0,3,2,0,0,0,0,0
Harold Castro*,castrha01,25,DET,AL,63,239,226,21,64,6,3,4,28,3,2,7,56,88,4,0,2,4,0
Jason Castro*,castrja01,32,MIN,AL,60,214,188,36,46,9,0,12,28,0,0,22,63,91,0,2,1,1,0
Miguel Castro,castrmi01,24,BAL,AL,4,0,0,0,0,0,0,0,0,0,0,0,0,0,0,0,0,0,0
Starlin Castro,castrst01,29,MIA,NL,123,514,488,41,127,19,3,11,58,2,1,18,85,185,16,1,0,7,1
Jake Cave*,caveja01,26,MIN,AL,45,130,111,13,28,6,0,2,11,0,0,11,41,40,1,7,0,1,0
Xavier Cedeno*,cedenxa01,32,CHC,NL,5,0,0,0,0,0,0,0,0,0,0,0,0,0,0,0,0,0,0
Francisco Cervelli,cervefr01,33,PIT,NL,34,123,109,11,21,3,0,1,5,1,0,9,31,27,4,4,1,0,0
Luis Cessa,cessalu01,27,NYY,AL,2,1,1,0,0,0,0,0,0,0,0,0,1,0,0,0,0,0,0
Jhoulys Chacin,chacijh01,31,MIL,NL,18,25,24,2,3,0,0,1,1,0,0,1,10,6,0,0,0,0,0
Andrew Chafin,chafian01,29,ARI,NL,53,0,0,0,0,0,0,0,0,0,0,0,0,0,0,0,0,0,0
Yu Chang,changyu01,23,CLE,AL,2,4,4,0,0,0,0,0,0,0,0,0,2,0,0,0,0,0,0
Aroldis Chapman*,chapmar01,31,NYY,AL,2,0,0,0,0,0,0,0,0,0,0,0,0,0,0,0,0,0,0
Matt Chapman,chapmma01,26,OAK,AL,121,518,455,81,119,31,3,29,70,0,1,54,107,243,10,6,0,3,0
JT Chargois#,chargjt01,28,LAD,NL,19,1,1,0,0,0,0,0,0,0,0,0,1,0,0,0,0,0,0
Tyler Chatwood,chatwty01,29,CHC,NL,29,19,16,1,3,2,0,0,1,0,0,1,6,5,0,0,2,0,0
Jesse Chavez,chaveje01,35,TEX,AL,4,2,2,0,1,0,0,0,0,0,0,0,1,1,0,0,0,0,0
Michael Chavis,chavimi01,23,BOS,AL,95,382,347,46,88,10,1,18,58,2,1,31,127,154,11,4,0,0,2
Wei-Yin Chen,chenwe02,33,MIA,NL,34,4,4,0,0,0,0,0,0,0,0,0,3,0,0,0,0,0,0
Robinson Chirinos,chiriro01,35,HOU,AL,93,357,298,45,68,15,0,13,43,0,2,42,107,122,8,11,2,4,1
Yonny Chirinos,chiriyo01,25,TBR,AL,1,2,2,0,0,0,0,0,0,0,0,0,2,0,0,0,0,0,0
Ji-Man Choi*,choiji01,28,TBR,AL,95,364,312,37,81,14,1,11,43,2,3,44,75,130,5,4,0,4,1
Shin-Soo Choo*,choosh01,36,TEX,AL,117,509,437,75,119,27,2,20,47,9,1,57,123,210,5,14,0,1,2
Adam Cimber,cimbead01,28,CLE,AL,1,0,0,0,0,0,0,0,0,0,0,0,0,0,0,0,0,0,0
Steve Cishek,cishest01,33,CHC,NL,48,2,2,0,0,0,0,0,0,0,0,0,0,0,0,0,0,0,0
Nick Ciuffo*,ciuffni01,24,TBR,AL,3,6,6,0,1,0,0,0,0,0,0,0,3,1,0,0,0,0,0
Taylor Clarke,clarkta01,26,ARI,NL,13,22,22,2,6,0,0,1,2,0,0,0,9,9,0,0,0,0,0
Emmanuel Clase,claseem01,21,TEX,AL,1,0,0,0,0,0,0,0,0,0,0,0,0,0,0,0,0,0,0
Alex Claudio*,claudal01,27,MIL,NL,61,0,0,0,0,0,0,0,0,0,0,0,0,0,0,0,0,0,0
Tyler Clippard,clippty01,34,CLE,AL,1,0,0,0,0,0,0,0,0,0,0,0,0,0,0,0,0,0,0
Gerrit Cole,colege01,28,HOU,AL,2,5,5,0,0,0,0,0,0,0,0,0,4,0,1,0,0,0,0
Taylor Cole,coleta01,29,LAA,AL,3,0,0,0,0,0,0,0,0,0,0,0,0,0,0,0,0,0,0
Tim Collins*,colliti01,29,CHC,NL,9,0,0,0,0,0,0,0,0,0,0,0,0,0,0,0,0,0,0
Zack Collins*,colliza01,24,CHW,AL,9,31,26,4,2,0,0,1,3,0,0,5,14,5,0,0,0,0,0
Alex Colome,colomal01,30,CHW,AL,4,0,0,0,0,0,0,0,0,0,0,0,0,0,0,0,0,0,0
Michael Conforto*,confomi01,26,NYM,NL,114,493,414,67,107,20,0,26,73,6,1,64,108,205,7,10,0,5,4
Adam Conley*,conlead01,29,MIA,NL,45,0,0,0,0,0,0,0,0,0,0,0,0,0,0,0,0,0,0
Willson Contreras,contrwi01,27,CHC,NL,87,340,295,45,81,15,1,19,57,1,2,34,85,155,3,9,0,2,2
Sam Coonrod,coonrsa01,26,SFG,NL,16,0,0,0,0,0,0,0,0,0,0,0,0,0,0,0,0,0,0
Garrett Cooper,coopega03,28,MIA,NL,85,341,305,47,88,12,1,12,42,0,0,29,93,138,8,5,0,2,0
Patrick Corbin*,corbipa01,29,WSN,NL,24,55,48,1,3,0,0,0,2,0,0,3,22,3,0,0,4,0,0
Ryan Cordell,cordery01,27,CHW,AL,80,216,194,18,44,7,0,6,20,2,0,13,64,69,2,3,5,1,0
Franchy Cordero*,cordefr02,24,SDP,NL,9,20,15,2,5,1,0,0,1,1,0,4,7,6,0,0,0,1,0
Carlos Correa,correca01,24,HOU,AL,71,309,269,39,75,16,1,19,56,1,0,34,69,150,8,2,0,4,0
Nestor Cortes Jr.,cortene01,24,NYY,AL,1,0,0,0,0,0,0,0,0,0,0,0,0,0,0,0,0,0,0
Ryan Court,courtry01,31,SEA,AL,8,18,17,1,4,1,0,1,5,0,0,1,5,8,0,0,0,0,0
Dylan Covey,coveydy01,27,CHW,AL,2,2,2,0,0,0,0,0,0,0,0,0,1,0,0,0,0,0,0
Zack Cozart,cozarza01,33,LAA,AL,38,107,97,4,12,2,0,0,7,0,0,5,16,14,2,2,0,3,0
Dylan Cozens*,cozendy01,25,PHI,NL,1,1,1,0,0,0,0,0,0,0,0,0,0,0,0,0,0,0,0
Brandon Crawford*,crawfbr01,32,SFG,NL,114,442,397,46,89,20,1,9,49,3,2,39,99,138,9,3,0,3,3
J.P. Crawford*,crawfjp01,24,SEA,AL,68,289,252,29,60,18,3,5,38,5,3,31,66,99,3,1,2,3,0
Stefan Crichton,crichst01,27,ARI,NL,15,0,0,0,0,0,0,0,0,0,0,0,0,0,0,0,0,0,0
Kyle Crick*,crickky01,26,PIT,NL,42,0,0,0,0,0,0,0,0,0,0,0,0,0,0,0,0,0,0
C.J. Cron,croncj01,29,MIN,AL,97,405,369,41,95,20,0,20,63,0,0,25,81,175,8,9,0,2,3
Kevin Cron,cronke01,26,ARI,NL,27,64,58,10,12,4,0,5,15,0,1,4,26,31,1,1,0,1,0
Nelson Cruz,cruzne02,38,MIN,AL,87,373,323,59,95,19,0,32,76,0,1,41,101,210,8,7,0,1,2
Noel Cuevas,cuevano01,27,COL,NL,1,2,2,0,0,0,0,0,0,0,0,0,0,0,0,0,0,0,0
Charlie Culberson,culbech01,30,ATL,NL,93,123,116,12,34,5,2,4,19,0,1,5,37,55,5,1,0,1,0
Cheslor Cuthbert,cuthbch01,26,KCR,AL,65,267,253,20,66,11,0,8,31,1,0,12,51,101,12,2,0,0,1
David Dahl*,dahlda01,25,COL,NL,100,413,374,67,113,28,5,15,61,4,4,28,110,196,3,4,2,5,0
Yu Darvish,darviyu01,32,CHC,NL,24,47,42,1,4,0,0,0,2,0,0,1,23,4,0,0,3,1,0
Zach Davies,davieza02,26,MIL,NL,26,43,41,3,6,2,0,0,2,0,0,1,20,8,0,0,1,0,0
Austin Davis*,davisau01,26,PHI,NL,8,0,0,0,0,0,0,0,0,0,0,0,0,0,0,0,0,0,0
Chris Davis*,davisch02,33,BAL,AL,90,300,263,22,47,8,0,9,32,0,0,31,121,82,6,3,0,3,1
J.D. Davis,davisjd01,26,NYM,NL,107,331,298,44,93,16,1,14,41,2,0,29,67,153,11,2,0,2,1
Jonathan Davis,davisjo05,27,TOR,AL,18,52,50,3,7,0,0,1,2,1,1,2,13,10,1,0,0,0,0
Khris Davis,daviskh01,31,OAK,AL,103,413,374,48,83,8,0,17,53,0,0,35,107,142,7,3,0,1,3
Rajai Davis,davisra01,38,NYM,NL,4,7,7,2,2,0,0,1,3,0,0,0,2,5,0,0,0,0,0
Rookie Davis,davisro03,26,PIT,NL,5,1,1,0,0,0,0,0,0,0,0,0,0,0,0,0,0,0,0
Taylor Davis,davista01,29,CHC,NL,7,20,18,2,3,0,0,1,4,0,0,2,4,6,0,0,0,0,0
Wade Davis,daviswa01,33,COL,NL,38,0,0,0,0,0,0,0,0,0,0,0,0,0,0,0,0,0,0
Grant Dayton*,daytogr01,31,ATL,NL,10,0,0,0,0,0,0,0,0,0,0,0,0,0,0,0,0,0,0
Yonathan Daza,dazayo01,25,COL,NL,17,45,43,2,7,0,0,0,1,0,0,2,9,7,1,0,0,0,0
Chase De Jong*,dejonch01,25,MIN,AL,1,0,0,0,0,0,0,0,0,0,0,0,0,0,0,0,0,0,0
Jose De Leon,deleojo03,26,TBR,AL,1,0,0,0,0,0,0,0,0,0,0,0,0,0,0,0,0,0,0
Enyel De Los Santos,delosen01,23,PHI,NL,5,1,1,0,0,0,0,0,0,0,0,0,1,0,0,0,0,0,0
Austin Dean,deanau01,25,MIA,NL,32,88,86,6,18,5,0,2,10,0,0,1,22,29,3,0,0,1,0
Jacob deGrom*,degroja01,31,NYM,NL,24,53,48,2,10,2,0,1,5,0,0,4,15,15,0,0,1,0,0
Paul DeJong,dejonpa01,25,STL,NL,120,504,448,77,110,27,1,21,56,6,5,44,106,202,11,9,0,3,1
Nicky Delmonico*,delmoni01,26,CHW,AL,21,68,63,6,13,2,0,1,6,0,1,4,25,18,1,1,0,0,0
Travis Demeritte,demertr01,24,DET,AL,17,68,60,8,16,3,2,1,4,3,0,7,22,26,1,0,0,1,0
Daniel Descalso*,descada01,32,CHC,NL,73,185,160,19,29,5,1,2,15,2,1,23,52,42,3,0,1,1,0
Anthony DeSclafani,desclan01,29,CIN,NL,23,41,39,0,6,0,0,0,1,0,0,0,16,6,0,0,2,0,0
Delino DeShields,deshide02,26,TEX,AL,86,291,247,31,63,12,3,3,24,16,5,32,72,90,4,3,7,2,0
Ian Desmond,desmoia01,33,COL,NL,109,388,354,53,92,27,3,14,56,3,3,29,97,167,10,2,1,2,1
Ross Detwiler,detwiro01,33,CHW,AL,1,2,2,0,0,0,0,0,0,0,0,0,1,0,0,0,0,0,0
Chris Devenski,devench02,28,HOU,AL,6,0,0,0,0,0,0,0,0,0,0,0,0,0,0,0,0,0,0
Rafael Devers*,deverra01,22,BOS,AL,123,546,503,103,167,46,3,27,101,8,8,38,88,300,6,2,1,2,6
Aledmys Diaz,diazal02,28,HOU,AL,45,153,135,24,36,5,1,7,28,0,0,11,18,64,9,2,0,5,0
Edwin Diaz,diazed04,25,NYM,NL,47,0,0,0,0,0,0,0,0,0,0,0,0,0,0,0,0,0,0
Elias Diaz,diazel01,28,PIT,NL,79,268,245,26,61,13,0,1,23,0,0,21,46,77,9,0,0,2,0
Isan Diaz*,diazis01,23,MIA,NL,13,53,48,5,9,1,0,1,3,0,1,3,18,13,1,1,0,1,0
Jairo Diaz,diazja01,28,COL,NL,38,0,0,0,0,0,0,0,0,0,0,0,0,0,0,0,0,0,0
Miguel Diaz,diazmi02,24,SDP,NL,5,1,1,0,0,0,0,0,0,0,0,0,1,0,0,0,0,0,0
Yandy Diaz,diazya01,27,TBR,AL,78,344,304,53,82,20,1,14,38,2,2,35,60,146,9,1,0,4,1
Phillip Diehl*,diehlph01,24,COL,NL,2,0,0,0,0,0,0,0,0,0,0,0,0,0,0,0,0,0,0
Derek Dietrich*,dietrde01,29,CIN,NL,98,273,222,41,46,7,2,19,43,1,1,26,67,114,2,23,0,1,2
Wilmer Difo#,difowi01,27,WSN,NL,39,134,121,14,28,2,0,2,7,0,1,12,27,36,2,0,1,0,3
Nick Dini,dinini01,25,KCR,AL,3,12,10,2,1,0,0,0,0,0,0,1,4,1,0,0,1,0,0
Brandon Dixon,dixonbr01,27,DET,AL,90,325,304,33,78,14,3,14,43,5,1,16,103,140,3,3,0,2,0
Seranthony Dominguez,dominse01,24,PHI,NL,26,1,1,0,0,0,0,0,0,0,0,0,1,0,0,0,0,0,0
Josh Donaldson,donaljo02,33,ATL,NL,122,517,434,73,116,28,0,29,73,3,2,75,124,231,11,7,0,1,2
Sean Doolittle*,doolise01,32,WSN,NL,53,3,3,0,0,0,0,0,0,0,0,0,2,0,1,0,0,0,0
Kyle Dowdy,dowdyky01,26,TEX,AL,1,0,0,0,0,0,0,0,0,0,0,0,0,0,0,0,0,0,0
Brian Dozier,doziebr01,32,WSN,NL,115,421,364,49,86,19,0,19,45,3,3,52,95,162,9,4,0,1,2
Hunter Dozier,doziehu01,27,KCR,AL,102,433,380,60,110,23,7,22,67,2,1,46,100,213,6,3,0,4,2
Oliver Drake,drakeol01,32,TBR,AL,1,1,1,0,1,0,0,0,1,0,0,0,0,1,0,0,0,0,0
Brandon Drury,drurybr01,26,TOR,AL,97,363,340,37,78,18,1,14,39,0,0,19,92,140,5,1,0,3,0
Mauricio Dubon,dubonma01,24,MIL,NL,2,2,2,0,0,0,0,0,0,0,0,0,1,0,0,0,0,0,0
Lucas Duda*,dudalu01,33,KCR,AL,39,119,105,7,18,4,0,4,15,0,0,11,32,34,3,1,0,2,1
Tyler Duffey,duffety01,28,MIN,AL,3,0,0,0,0,0,0,0,0,0,0,0,0,0,0,0,0,0,0
Danny Duffy*,duffyda01,30,KCR,AL,1,2,2,0,0,0,0,0,0,0,0,0,1,0,0,0,0,0,0
Matt Duffy,duffyma01,28,TBR,AL,20,85,77,5,20,4,0,0,7,0,0,8,14,24,1,0,0,0,0
Steven Duggar*,duggast01,25,SFG,NL,73,281,261,26,61,12,2,4,28,1,4,16,78,89,1,1,0,3,0
Robert Dugger,duggero01,23,MIA,NL,1,2,2,0,0,0,0,0,0,0,0,0,0,0,0,0,0,0,0
Zach Duke*,dukeza01,36,CIN,NL,29,0,0,0,0,0,0,0,0,0,0,0,0,0,0,0,0,0,0
Mike Dunn*,dunnmi01,34,COL,NL,25,0,0,0,0,0,0,0,0,0,0,0,0,0,0,0,0,0,0
Jon Duplantier*,duplajo01,24,ARI,NL,9,6,6,1,0,0,0,0,0,0,0,0,4,0,0,0,0,0,0
Montana DuRapau,durapmo01,27,PIT,NL,12,3,3,0,0,0,0,0,0,0,0,0,2,0,0,0,0,0,0
Adam Duvall,duvalad01,30,ATL,NL,21,80,74,12,18,2,0,6,11,0,0,4,26,38,0,1,0,1,0
Jarrod Dyson*,dysonja01,34,ARI,NL,100,358,320,54,83,9,2,7,24,26,3,36,67,117,1,1,0,1,0
Adam Eaton*,eatonad02,30,WSN,NL,117,525,453,82,131,20,7,10,38,13,3,53,80,195,6,9,7,3,0
Tommy Edman#,edmanto01,24,STL,NL,54,185,177,27,48,7,3,5,19,8,0,7,36,76,0,1,0,0,0
Zach Eflin,eflinza01,25,PHI,NL,24,36,35,1,6,0,0,0,2,0,0,0,20,6,0,0,1,0,0
Jerad Eickhoff,eickhje01,28,PHI,NL,12,19,14,0,0,0,0,0,0,0,0,1,7,0,0,0,4,0,0
Jake Elmore,elmorja01,32,PIT,NL,11,20,20,0,1,0,0,0,0,0,0,0,3,1,0,0,0,0,0
Adam Engel,engelad01,27,CHW,AL,52,133,121,14,26,4,2,2,14,3,1,7,44,40,2,4,1,0,0
Robbie Erlin,erlinro01,28,SDP,NL,27,2,2,0,0,0,0,0,0,0,0,0,0,0,1,0,0,0,0
Phil Ervin,ervinph01,26,CIN,NL,58,136,124,19,41,7,5,3,14,3,2,10,31,67,2,2,0,0,0
Eduardo Escobar#,escobed01,30,ARI,NL,122,541,487,76,133,23,9,28,98,5,1,41,103,258,6,3,0,10,2
Luis Escobar,escoblu01,23,PIT,NL,4,2,2,0,0,0,0,0,0,0,0,0,1,0,0,0,0,0,0
Tom Eshelman,eshelto01,25,BAL,AL,1,2,2,0,0,0,0,0,0,0,0,0,0,0,0,0,0,0,0
Carlos Estevez,estevca01,26,COL,NL,51,0,0,0,0,0,0,0,0,0,0,0,0,0,0,0,0,0,0
Thairo Estrada,estrath01,23,NYY,AL,28,61,57,11,14,3,0,3,11,3,0,3,14,26,1,0,1,0,0
Jeurys Familia,familje01,29,NYM,NL,42,0,0,0,0,0,0,0,0,0,0,0,0,0,0,0,0,0,0
Buck Farmer*,farmebu01,28,DET,AL,5,0,0,0,0,0,0,0,0,0,0,0,0,0,0,0,0,0,0
Kyle Farmer,farmeky01,28,CIN,NL,80,153,144,19,36,5,0,7,24,4,1,5,46,62,1,3,0,1,1
Erick Fedde,feddeer01,26,WSN,NL,16,20,15,1,2,0,0,0,0,0,0,0,6,2,0,0,5,0,0
Tim Federowicz,federti01,31,TEX,AL,28,79,71,6,12,2,0,4,7,1,0,5,28,26,1,0,3,0,0
Michael Feliz,felizmi01,26,PIT,NL,37,0,0,0,0,0,0,0,0,0,0,0,0,0,0,0,0,0,0
Caleb Ferguson,ferguca01,22,LAD,NL,28,1,1,1,1,1,0,0,0,0,0,0,0,2,0,0,0,0,0
Junior Fernandez,fernaju01,22,STL,NL,3,0,0,0,0,0,0,0,0,0,0,0,0,0,0,0,0,0,0
Matt Festa,festama01,26,SEA,AL,2,0,0,0,0,0,0,0,0,0,0,0,0,0,0,0,0,0,0
Jack Flaherty,flaheja01,23,STL,NL,26,45,38,3,5,3,0,0,3,1,1,2,11,8,0,0,5,0,0
David Fletcher,fletcda02,25,LAA,AL,118,486,443,65,127,27,4,5,42,8,3,41,46,177,8,0,1,1,1
Chris Flexen,flexech01,24,NYM,NL,8,2,2,0,1,0,0,0,0,0,0,0,0,1,0,0,0,0,0
Wilmer Flores,florewi01,27,ARI,NL,66,200,186,21,58,12,0,6,22,0,0,10,21,88,7,3,0,1,0
Dylan Floro*,florody01,28,LAD,NL,35,1,1,0,0,0,0,0,0,0,0,0,1,0,0,0,0,0,0
Tyler Flowers,flowety01,33,ATL,NL,64,235,211,25,47,8,2,9,22,0,0,20,80,86,6,3,0,1,3
Brian Flynn*,flynnbr01,29,KCR,AL,1,0,0,0,0,0,0,0,0,0,0,0,0,0,0,0,0,0,0
Mike Foltynewicz,foltymi01,27,ATL,NL,13,25,22,0,1,0,0,0,1,0,0,0,11,1,1,0,3,0,0
Mike Ford*,fordmi01,26,NYY,AL,26,95,81,16,14,2,0,4,8,0,0,11,17,28,0,3,0,0,2
Logan Forsythe,forsylo01,32,TEX,AL,86,312,265,36,63,16,1,7,38,2,0,41,81,102,8,3,0,2,0
Dexter Fowler#,fowlede01,33,STL,NL,112,406,349,46,87,18,1,14,44,7,2,45,100,149,5,8,1,3,1
Ty France,francty01,24,SDP,NL,37,118,109,9,24,4,1,2,11,0,1,4,28,36,4,4,0,1,0
Maikel Franco,francma02,26,PHI,NL,102,368,333,41,77,13,0,15,47,0,0,32,49,135,12,0,0,3,17
Adam Frazier*,fraziad01,27,PIT,NL,114,462,420,57,111,25,4,6,32,3,4,32,55,162,2,7,2,1,4
Clint Frazier,frazicl01,24,NYY,AL,53,209,191,25,54,11,0,11,34,1,2,13,59,98,1,2,0,3,1
Todd Frazier,frazito01,33,NYM,NL,100,385,349,45,81,13,2,16,50,1,2,28,87,146,8,8,0,0,0
Kyle Freeland*,freelky01,26,COL,NL,16,28,22,0,2,0,0,0,0,0,0,2,14,2,1,0,4,0,0
Freddie Freeman*,freemfr01,29,ATL,NL,125,558,482,96,146,28,2,31,98,5,3,71,102,271,15,4,0,1,7
Mike Freeman*,freemmi01,31,CLE,AL,49,132,109,18,30,6,0,4,18,1,2,13,34,48,1,3,5,2,0
David Freese,freesda01,36,LAD,NL,66,163,140,32,42,12,0,9,27,0,0,22,38,81,5,1,0,0,0
David Freitas,freitda01,30,SEA,AL,1,4,2,1,0,0,0,0,1,0,0,1,0,0,0,0,0,1,0
Max Fried*,friedma01,25,ATL,NL,30,51,44,11,10,4,0,0,3,0,0,4,10,14,0,0,3,0,0
Jace Fry*,fryja01,25,CHW,AL,6,0,0,0,0,0,0,0,0,0,0,0,0,0,0,0,0,0,0
Paul Fry*,frypa01,26,BAL,AL,2,0,0,0,0,0,0,0,0,0,0,0,0,0,0,0,0,0,0
Josh Fuentes,fuentjo01,26,COL,NL,9,18,18,2,2,0,0,0,0,0,0,0,8,2,0,0,0,0,0
Carson Fulmer,fulmeca01,25,CHW,AL,1,1,1,0,0,0,0,0,0,0,0,0,0,0,0,0,0,0,0
Drew Gagnon,gagnodr01,29,NYM,NL,16,4,3,0,1,0,0,0,0,0,0,0,0,1,1,0,1,0,0
Rocky Gale,galero01,31,LAD,NL,5,15,15,1,2,0,0,0,0,0,0,0,7,2,1,0,0,0,0
Cam Gallagher,gallaca01,26,KCR,AL,45,142,126,14,30,7,0,3,12,0,1,11,28,46,3,3,1,1,0
Giovanny Gallegos,gallegi01,27,STL,NL,45,3,2,0,0,0,0,0,0,0,0,0,1,0,0,0,1,0,0
Joey Gallo*,gallojo01,25,TEX,AL,70,297,241,54,61,15,1,22,49,4,2,52,114,144,0,2,1,1,4
Isaac Galloway,gallois01,29,MIA,NL,19,54,54,6,9,1,0,0,1,2,0,0,17,10,0,0,0,0,0
Ben Gamel*,gamelbe01,27,MIL,NL,106,285,249,39,62,13,0,7,29,2,2,31,85,96,0,3,0,2,2
John Gant,gantjo01,26,STL,NL,47,2,2,0,0,0,0,0,0,0,0,0,2,0,0,0,0,0,0
Aramis Garcia,garciar01,26,SFG,NL,7,20,18,4,3,0,0,2,3,0,0,2,9,9,1,0,0,0,0
Avisail Garcia,garciav01,28,TBR,AL,101,436,399,49,111,19,1,17,57,9,3,28,103,183,13,7,0,2,2
Edgar Garcia,garcied01,22,PHI,NL,26,0,0,0,0,0,0,0,0,0,0,0,0,0,0,0,0,0,0
Greg Garcia*,garcigr01,29,SDP,NL,97,249,214,37,57,11,3,3,26,0,2,29,59,83,3,3,1,2,0
Jarlin Garcia*,garcija04,26,MIA,NL,35,1,1,0,0,0,0,0,0,0,0,0,1,0,0,0,0,0,0
Leury Garcia#,garcile02,28,CHW,AL,111,487,454,76,129,23,2,7,34,14,4,17,111,177,5,5,8,3,0
Luis Garcia,garcilu03,32,LAA,AL,5,0,0,0,0,0,0,0,0,0,0,0,0,0,0,0,0,0,0
Robel Garcia#,garciro02,26,CHC,NL,19,63,59,6,13,2,2,4,8,0,0,3,26,31,2,0,0,1,0
Yimi Garcia,garciyi01,28,LAD,NL,47,2,2,0,0,0,0,0,0,0,0,0,1,0,1,0,0,0,0
Brett Gardner*,gardnbr01,35,NYY,AL,109,418,370,67,94,22,6,17,50,9,2,43,69,179,4,3,0,2,0
Kyle Garlick,garliky01,27,LAD,NL,30,53,48,8,12,4,0,3,6,0,0,5,19,25,0,0,0,0,1
Amir Garrett,garream01,27,CIN,NL,48,0,0,0,0,0,0,0,0,0,0,0,0,0,0,0,0,0,0
Mitch Garver,garvemi01,28,MIN,AL,69,273,242,50,64,10,1,23,52,0,0,26,68,145,5,4,0,1,0
Sam Gaviglio,gavigsa01,29,TOR,AL,1,0,0,0,0,0,0,0,0,0,0,0,0,0,0,0,0,0,0
Cory Gearrin,gearrco01,33,SEA,AL,2,0,0,0,0,0,0,0,0,0,0,0,0,0,0,0,0,0,0
Mike Gerber*,gerbemi01,26,SFG,NL,4,16,15,0,1,1,0,0,0,0,0,1,9,2,0,0,0,0,0
Domingo German,germado01,26,NYY,AL,2,6,6,0,0,0,0,0,0,0,0,0,5,0,1,0,0,0,0
Kyle Gibson,gibsoky01,31,MIN,AL,2,4,1,0,0,0,0,0,0,0,0,1,1,0,0,0,2,0,0
Ken Giles,gileske01,28,TOR,AL,3,0,0,0,0,0,0,0,0,0,0,0,0,0,0,0,0,0,0
Kevin Ginkel*,ginkeke01,25,ARI,NL,7,0,0,0,0,0,0,0,0,0,0,0,0,0,0,0,0,0,0
Lucas Giolito,giolilu01,24,CHW,AL,1,2,2,0,0,0,0,0,0,0,0,0,2,0,0,0,0,0,0
Mychal Givens,givenmy01,29,BAL,AL,2,0,0,0,0,0,0,0,0,0,0,0,0,0,0,0,0,0,0
Tyler Glasnow*,glasnty01,25,TBR,AL,1,2,2,0,0,0,0,0,0,0,0,0,1,0,0,0,0,0,0
Ryan Goins*,goinsry01,31,CHW,AL,31,116,100,8,26,5,1,2,9,0,1,14,31,39,6,1,1,0,1
Paul Goldschmidt,goldspa01,31,STL,NL,122,514,457,74,119,15,0,28,68,1,1,51,130,218,7,2,0,2,1
Yan Gomes,gomesya01,31,WSN,NL,72,259,225,23,47,8,0,6,26,1,0,30,58,73,5,4,0,0,4
Carlos Gomez,gomezca01,33,NYM,NL,34,99,86,10,17,3,0,3,10,4,1,7,30,29,3,3,2,1,0
Tony Gonsolin,gonsoto01,25,LAD,NL,4,8,7,0,1,0,0,0,0,0,0,0,3,1,0,0,1,0,0
Marco Gonzales*,gonzama02,27,SEA,AL,1,3,2,0,0,0,0,0,0,0,0,0,2,0,0,0,1,0,0
Chi Chi Gonzalez,gonzach01,27,COL,NL,5,9,9,0,0,0,0,0,0,0,0,0,6,0,0,0,0,0,0
Erik Gonzalez,gonzaer01,27,PIT,NL,26,81,71,4,13,2,1,0,2,4,0,7,20,17,3,0,3,0,3
Gio Gonzalez,gonzagi01,33,MIL,NL,10,17,14,0,0,0,0,0,0,0,0,1,11,0,0,0,2,0,0
Marwin Gonzalez#,gonzama01,30,MIN,AL,102,414,378,46,102,18,0,14,47,1,0,29,85,162,6,6,0,1,1
Niko Goodrum#,goodrni01,27,DET,AL,110,466,418,60,104,27,5,11,44,12,3,45,136,174,7,1,0,2,1
Brian Goodwin*,goodwbr01,28,LAA,AL,101,326,295,48,83,23,2,11,34,3,2,25,85,143,1,2,1,3,2
Nick Goody,goodyni01,27,CLE,AL,1,0,0,0,0,0,0,0,0,0,0,0,0,0,0,0,0,0,0
Alex Gordon*,gordoal01,35,KCR,AL,117,501,442,65,114,27,1,12,63,5,2,39,81,179,10,13,1,6,3
Dee Gordon*,gordode01,31,SEA,AL,85,314,292,29,81,9,4,3,27,17,4,13,46,107,6,1,3,5,0
Terrance Gore,gorete01,28,KCR,AL,37,58,51,13,14,2,1,0,1,13,5,6,18,18,0,1,0,0,0
Phil Gosselin,gosseph01,30,PHI,NL,32,50,49,3,12,3,0,0,6,0,0,1,10,15,1,0,0,0,0
Trevor Gott,gotttr01,26,SFG,NL,46,1,1,0,0,0,0,0,0,0,0,0,0,0,0,0,0,0,0
Matt Grace*,gracema02,30,WSN,NL,49,3,3,0,0,0,0,0,0,0,0,0,3,0,0,0,0,0,0
Yasmani Grandal#,grandya01,30,MIL,NL,116,471,388,55,99,19,2,20,61,5,1,73,98,182,11,5,0,5,2
Curtis Granderson*,grandcu01,38,MIA,NL,106,318,279,41,52,17,1,11,32,0,3,34,85,104,3,3,0,2,1
Juan Graterol,grateju01,30,CIN,NL,5,17,17,1,3,0,0,0,1,0,0,0,4,3,0,0,0,0,0
Jon Gray,grayjo02,27,COL,NL,27,59,47,1,3,0,0,0,1,0,0,3,22,3,2,0,9,0,0
Sonny Gray,grayso01,29,CIN,NL,26,48,35,2,6,0,1,0,3,0,0,2,13,8,0,0,11,0,0
Chad Green*,greench03,28,NYY,AL,1,1,1,0,0,0,0,0,0,0,0,0,1,0,0,0,0,0,0
Zach Green,greenza01,25,SFG,NL,8,16,14,1,2,1,0,0,1,0,0,2,6,3,2,0,0,0,0
Luke Gregerson*,gregelu01,35,STL,NL,6,0,0,0,0,0,0,0,0,0,0,0,0,0,0,0,0,0,0
Didi Gregorius*,gregodi01,29,NYY,AL,53,226,215,34,56,8,1,11,38,1,1,9,31,99,4,0,0,2,0
Grayson Greiner,greingr01,26,DET,AL,43,169,154,13,25,3,0,5,14,0,0,13,57,43,2,1,0,1,0
Randal Grichuk,grichra01,27,TOR,AL,118,491,454,59,109,20,3,23,58,2,1,32,132,204,12,4,0,1,0
Trent Grisham*,grishtr01,22,MIL,NL,14,55,48,8,12,2,0,3,10,0,1,4,14,23,2,1,0,2,0
Robbie Grossman#,grossro01,29,OAK,AL,106,389,336,45,84,19,1,6,34,8,4,50,66,123,6,1,0,2,1
Robert Gsellman,gsellro01,25,NYM,NL,50,1,0,0,0,0,0,0,0,0,0,1,0,0,0,0,0,0,0
Deolis Guerra,guerrde01,30,MIL,NL,1,0,0,0,0,0,0,0,0,0,0,0,0,0,0,0,0,0,0
Junior Guerra,guerrju02,34,MIL,NL,48,3,3,0,1,0,0,0,0,0,0,0,2,1,0,0,0,0,0
Tayron Guerrero,guerrta01,28,MIA,NL,40,0,0,0,0,0,0,0,0,0,0,0,0,0,0,0,0,0,0
Vladimir Guerrero Jr.,guerrvl02,20,TOR,AL,93,386,347,46,95,22,1,14,54,0,1,37,66,161,14,1,0,1,0
Taylor Guerrieri,guerrta02,26,TEX,AL,1,0,0,0,0,0,0,0,0,0,0,0,0,0,0,0,0,0,0
Luis Guillorme*,guilllu01,24,NYM,NL,28,44,42,6,8,1,0,1,2,0,0,2,11,12,2,0,0,0,0
Lourdes Gurriel Jr.,gurrilo01,25,TOR,AL,79,321,294,50,82,18,2,19,47,6,4,20,79,161,4,4,1,2,0
Yuli Gurriel,gourryu01,35,HOU,AL,115,495,460,69,140,33,2,25,86,4,3,27,51,252,7,2,0,6,1
Jandel Gustave,gustaja01,26,SFG,NL,8,1,1,0,0,0,0,0,0,0,0,0,1,0,0,0,0,0,0
Kelvin Gutierrez,gutieke01,24,KCR,AL,20,79,73,4,19,2,1,1,11,1,0,5,24,26,2,0,0,1,0
Ronald Guzman*,guzmaro01,24,TEX,AL,68,227,197,25,38,16,0,8,29,1,2,25,65,78,6,1,0,4,1
Eric Haase,haaseer01,26,CLE,AL,2,7,6,0,0,0,0,0,0,0,0,1,4,0,0,0,0,0,0
Josh Hader*,haderjo01,25,MIL,NL,40,2,2,0,0,0,0,0,0,0,0,0,1,0,0,0,0,0,0
Cole Hamels*,hamelco01,35,CHC,NL,17,34,31,1,3,0,0,0,4,0,0,0,9,3,2,1,1,1,0
Billy Hamilton#,hamilbi02,28,KCR,AL,93,305,275,32,58,12,2,0,12,18,5,25,74,74,1,0,3,2,0
J.D. Hammer,hammejd01,24,PHI,NL,20,1,1,0,0,0,0,0,0,0,0,0,0,0,0,0,0,0,0
Garrett Hampson,hampsga01,24,COL,NL,69,200,182,21,39,7,3,2,15,5,3,15,60,58,1,0,2,1,1
Brad Hand*,handbr01,29,CLE,AL,1,0,0,0,0,0,0,0,0,0,0,0,0,0,0,0,0,0,0
Mitch Haniger,hanigmi01,28,SEA,AL,63,283,246,46,54,13,1,15,32,4,0,30,81,114,3,5,0,2,1
Alen Hanson#,hansoal01,26,TOR,AL,18,48,43,5,7,0,0,0,4,1,0,3,17,7,0,1,0,1,1
Ian Happ#,happia01,24,CHC,NL,22,62,55,12,15,2,1,4,11,0,0,7,16,31,0,0,0,0,0
J.A. Happ*,happja01,36,NYY,AL,2,4,3,1,0,0,0,0,0,0,0,0,0,0,0,0,1,0,0
Blaine Hardy*,hardybl01,32,DET,AL,3,0,0,0,0,0,0,0,0,0,0,0,0,0,0,0,0,0,0
Bryce Harper*,harpebr03,26,PHI,NL,123,543,453,75,115,30,0,26,90,7,3,84,145,223,7,4,0,2,9
Ryne Harper,harpery01,30,MIN,AL,5,0,0,0,0,0,0,0,0,0,0,0,0,0,0,0,0,0,0
Will Harris,harriwi10,34,HOU,AL,4,0,0,0,0,0,0,0,0,0,0,0,0,0,0,0,0,0,0
Josh Harrison,harrijo05,31,DET,AL,36,146,136,10,24,7,1,1,8,4,2,6,26,36,0,2,0,2,0
Geoff Hartlieb,hartlge01,25,PIT,NL,19,0,0,0,0,0,0,0,0,0,0,0,0,0,0,0,0,0,0
Joe Harvey,harvejo01,27,NYY,AL,1,0,0,0,0,0,0,0,0,0,0,0,0,0,0,0,0,0,0
Adam Haseley*,haselad01,23,PHI,NL,31,109,102,15,26,6,0,3,13,1,0,4,27,41,3,3,0,0,0
Ryon Healy,healyry01,27,SEA,AL,47,187,169,24,40,16,0,7,26,0,0,13,40,77,1,1,0,4,0
Austin Hedges,hedgeau01,26,SDP,NL,76,267,244,20,48,9,0,9,31,1,0,15,86,84,3,5,2,1,1
Scott Heineman,heinesc01,26,TEX,AL,4,11,10,0,2,0,0,0,0,0,0,1,2,2,1,0,0,0,0
Jeremy Hellickson,hellije01,32,WSN,NL,9,13,9,3,1,0,0,0,0,0,0,2,4,1,0,0,2,0,0
Ryan Helsley,helslry01,24,STL,NL,11,1,1,0,1,0,0,0,0,0,0,0,0,1,0,0,0,0,0
Kyle Hendricks,hendrky01,29,CHC,NL,22,46,39,1,7,1,0,0,4,0,0,2,23,8,1,1,4,0,0
Liam Hendriks,hendrli01,30,OAK,AL,5,0,0,0,0,0,0,0,0,0,0,0,0,0,0,0,0,0,0
Guillermo Heredia,heredgu01,28,TBR,AL,73,201,175,25,38,10,0,3,16,2,1,17,49,57,4,6,2,1,0
Jimmy Herget,hergeji01,25,CIN,NL,3,0,0,0,0,0,0,0,0,0,0,0,0,0,0,0,0,0,0
Michael Hermosillo,hermomi01,24,LAA,AL,1,4,3,1,0,0,0,0,0,0,0,1,2,0,0,0,0,0,0
Cesar Hernandez#,hernace02,29,PHI,NL,123,501,462,54,130,23,3,8,53,7,2,29,71,183,8,6,0,4,3
David Hernandez,hernada01,34,CIN,NL,44,0,0,0,0,0,0,0,0,0,0,0,0,0,0,0,0,0,0
Elieser Hernandez,hernael01,24,MIA,NL,14,15,13,0,1,0,0,0,0,0,0,1,7,1,0,0,1,0,0
Enrique Hernandez,hernaen02,27,LAD,NL,98,356,319,43,76,12,1,16,52,2,0,29,77,138,2,5,0,3,2
Felix Hernandez,hernafe02,33,SEA,AL,1,2,2,0,0,0,0,0,0,0,0,0,1,0,0,0,0,0,0
Marco Hernandez*,hernama02,26,BOS,AL,33,81,77,14,25,5,0,2,8,1,1,1,17,36,1,2,1,0,0
Teoscar Hernandez,hernate01,26,TOR,AL,95,352,317,46,71,13,1,19,47,4,2,33,110,143,5,1,0,1,1
Kelvin Herrera,herreke01,29,CHW,AL,1,0,0,0,0,0,0,0,0,0,0,0,0,0,0,0,0,0,0
Odubel Herrera*,herreod01,27,PHI,NL,39,139,126,12,28,10,1,1,16,2,2,11,33,43,0,1,0,1,0
Rosell Herrera#,herrero02,26,MIA,NL,63,119,105,10,21,6,0,2,11,4,1,11,27,33,2,2,1,0,1
Chris Herrmann*,herrmch01,31,OAK,AL,24,80,71,8,14,3,0,1,8,0,0,8,27,20,4,0,1,0,0
David Hess,hessda01,25,BAL,AL,2,4,3,0,0,0,0,0,0,0,0,0,1,0,0,0,1,0,0
Jason Heyward*,heywaja01,29,CHC,NL,115,460,406,59,109,15,4,18,49,7,2,49,88,186,10,3,0,2,5
Aaron Hicks#,hicksaa01,29,NYY,AL,59,255,221,41,52,10,0,12,36,1,2,31,72,98,2,0,0,3,0
John Hicks,hicksjo02,29,DET,AL,75,272,259,21,53,12,0,8,20,1,0,12,86,89,7,0,0,1,0
Jordan Hicks,hicksjo03,22,STL,NL,28,0,0,0,0,0,0,0,0,0,0,0,0,0,0,0,0,0,0
Kyle Higashioka,higasky01,29,NYY,AL,10,40,39,7,10,4,0,3,9,0,0,0,18,23,1,0,0,1,0
Trevor Hildenberger,hildetr01,28,MIN,AL,4,0,0,0,0,0,0,0,0,0,0,0,0,0,0,0,0,0,0
Rich Hill*,hillri01,39,LAD,NL,9,17,15,0,2,0,0,0,1,0,0,1,7,2,0,0,1,0,0
Tim Hill,hillti01,29,KCR,AL,2,0,0,0,0,0,0,0,0,0,0,0,0,0,0,0,0,0,0
Yoshihisa Hirano,hiranyo01,35,ARI,NL,49,0,0,0,0,0,0,0,0,0,0,0,0,0,0,0,0,0,0
Keston Hiura,hiurake01,22,MIL,NL,60,253,227,37,71,16,2,14,35,8,3,20,78,133,2,6,0,0,1
Jeff Hoffman,hoffmje02,26,COL,NL,11,15,14,1,3,0,0,0,1,0,0,0,7,3,0,0,1,0,0
Bryan Holaday,holadbr01,31,MIA,NL,30,95,83,9,25,4,0,3,9,0,1,10,13,38,5,1,1,0,2
Jonathan Holder,holdejo02,26,NYY,AL,2,0,0,0,0,0,0,0,0,0,0,0,0,0,0,0,0,0,0
Greg Holland,hollagr01,33,ARI,NL,39,0,0,0,0,0,0,0,0,0,0,0,0,0,0,0,0,0,0
Clay Holmes,holmecl01,26,PIT,NL,22,3,3,0,0,0,0,0,0,0,0,0,2,0,0,0,0,0,0
Brock Holt*,holtbr01,31,BOS,AL,58,183,157,26,50,10,2,2,22,1,0,19,32,70,2,3,0,4,0
Rhys Hoskins,hoskirh01,26,PHI,NL,123,540,434,63,103,24,4,24,70,1,2,92,125,207,6,8,0,4,5
Eric Hosmer*,hosmeer01,29,SDP,NL,122,519,480,63,139,24,1,18,82,0,2,33,106,219,10,2,0,4,3
Adrian Houser,housead01,26,MIL,NL,24,16,13,0,1,1,0,0,0,0,0,1,10,2,0,0,2,0,0
Sam Howard,howarsa01,26,COL,NL,5,0,0,0,0,0,0,0,0,0,0,0,0,0,0,0,0,0,0
Dakota Hudson,hudsoda02,24,STL,NL,22,42,36,0,2,0,0,0,0,0,0,0,17,2,1,1,5,0,0
Nick Hundley,hundlni01,35,OAK,AL,31,73,70,5,14,3,1,2,5,0,1,2,18,25,7,1,0,0,0
Tommy Hunter,hunteto02,32,PHI,NL,5,0,0,0,0,0,0,0,0,0,0,0,0,0,0,0,0,0,0
Chris Iannetta,iannech01,36,COL,NL,52,164,144,20,32,10,0,6,21,0,0,18,54,60,9,1,0,1,3
Jose Iglesias,iglesjo01,29,CIN,NL,112,405,386,51,114,18,3,8,47,5,5,15,54,162,12,2,0,2,3
Raisel Iglesias,iglesra01,29,CIN,NL,46,2,2,0,0,0,0,0,0,0,0,0,1,0,0,0,0,0,0
Ender Inciarte*,inciaen01,28,ATL,NL,65,230,199,30,49,11,2,5,24,7,1,26,41,79,1,4,0,1,2
Cole Irvin*,irvinco01,25,PHI,NL,7,8,6,1,1,0,0,0,0,0,0,2,2,1,0,0,0,0,0
Alex Jackson,jacksal02,23,ATL,NL,3,11,10,0,0,0,0,0,0,0,0,1,3,0,1,0,0,0,1
Drew Jackson,jacksdr01,25,BAL,AL,3,4,3,0,0,0,0,0,0,0,0,1,1,0,0,0,0,0,0
Jay Jackson,jacksja01,31,MIL,NL,10,1,1,0,0,0,0,0,0,0,0,0,1,0,0,0,0,0,0
Luke Jackson,jackslu01,27,ATL,NL,53,0,0,0,0,0,0,0,0,0,0,0,0,0,0,0,0,0,0
Josh James,jamesjo02,26,HOU,AL,2,0,0,0,0,0,0,0,0,0,0,0,0,0,0,0,0,0,0
Travis Jankowski*,jankotr01,28,SDP,NL,3,2,2,0,0,0,0,0,0,0,0,0,1,0,0,0,0,0,0
Danny Jansen,janseda01,24,TOR,AL,93,329,298,34,64,12,1,12,42,0,0,25,69,114,7,4,1,1,0
Kenley Jansen#,janseke01,31,LAD,NL,45,1,1,0,0,0,0,0,0,0,0,0,1,0,0,0,0,0,0
Jon Jay*,jayjo02,34,CHW,AL,40,159,146,11,40,8,0,0,9,0,0,6,27,48,1,2,4,1,0
Jeremy Jeffress,jeffrje01,31,MIL,NL,43,1,1,0,0,0,0,0,0,0,0,0,1,0,0,0,0,0,0
Dan Jennings*,jennida01,32,WSN,NL,8,0,0,0,0,0,0,0,0,0,0,0,0,0,0,0,0,0,0
Williams Jerez*,jerezwi01,27,SFG,NL,6,0,0,0,0,0,0,0,0,0,0,0,0,0,0,0,0,0,0
Jake Jewell,jewelja01,26,LAA,AL,4,0,0,0,0,0,0,0,0,0,0,0,0,0,0,0,0,0,0
Eloy Jimenez,jimenel02,22,CHW,AL,88,356,329,47,80,10,1,22,51,0,0,23,97,158,7,2,0,2,0
Joe Jimenez,jimenjo02,24,DET,AL,5,0,0,0,0,0,0,0,0,0,0,0,0,0,0,0,0,0,0
Connor Joe,joeco01,26,SFG,NL,8,16,15,1,1,0,0,0,0,0,0,1,5,1,1,0,0,0,0
Brian Johnson*,johnsbr02,28,BOS,AL,2,0,0,1,0,0,0,0,0,0,0,0,0,0,0,0,0,0,0
DJ Johnson*,johnsdj01,29,COL,NL,13,0,0,0,0,0,0,0,0,0,0,0,0,0,0,0,0,0,0
Adam Jones,jonesad01,33,ARI,NL,113,444,410,60,111,23,1,14,56,2,1,23,81,178,14,7,0,3,2
JaCoby Jones,jonesja07,27,DET,AL,88,333,298,39,70,19,3,11,26,7,2,27,94,128,6,6,1,1,2
Caleb Joseph,josepca01,33,ARI,NL,13,31,28,4,4,2,0,0,2,0,0,1,8,6,0,1,1,0,0
Corban Joseph*,josepco01,30,OAK,AL,5,21,20,3,5,0,0,1,2,0,0,0,3,8,1,0,0,1,0
Matthew Joyce*,joycema01,34,ATL,NL,95,136,118,18,31,7,0,4,15,0,0,18,29,50,1,0,0,0,0
Aaron Judge,judgeaa01,27,NYY,AL,69,306,253,48,67,12,0,12,33,2,1,49,93,115,9,2,0,1,4
Jakob Junis,junisja01,26,KCR,AL,1,2,2,0,0,0,0,0,0,0,0,0,0,0,0,0,0,0,0
Ariel Jurado,juradar01,23,TEX,AL,2,1,1,0,0,0,0,0,0,0,0,0,1,0,0,0,0,0,0
Tommy Kahnle,kahnlto01,29,NYY,AL,4,0,0,0,0,0,0,0,0,0,0,0,0,0,0,0,0,0,0
Jung Ho Kang,kangju01,32,PIT,NL,65,185,172,15,29,7,1,10,24,0,0,11,60,68,4,1,0,1,0
Keone Kela,kelake01,26,PIT,NL,17,0,0,0,0,0,0,0,0,0,0,0,0,0,0,0,0,0,0
Brad Keller,kellebr01,23,KCR,AL,3,10,8,0,1,0,0,0,1,0,0,1,5,1,0,0,1,0,0
Mitch Keller,kellemi03,23,PIT,NL,4,4,4,0,0,0,0,0,0,0,0,0,1,0,1,0,0,0,0
Shawn Kelley,kellesh01,35,TEX,AL,3,0,0,0,0,0,0,0,0,0,0,0,0,0,0,0,0,0,0
Carson Kelly,kellyca02,24,ARI,NL,87,285,248,33,63,17,0,17,42,0,0,34,57,131,10,2,0,1,8
Joe Kelly,kellyjo05,31,LAD,NL,42,3,2,0,0,0,0,0,0,0,0,0,2,0,0,0,1,0,0
Merrill Kelly,kellyme01,30,ARI,NL,23,47,41,3,1,0,0,0,2,0,0,2,19,1,2,0,4,0,0
Matt Kemp,kempma01,34,CIN,NL,20,62,60,4,12,2,0,1,5,0,0,1,19,17,2,0,0,1,0
Howie Kendrick,kendrho01,35,WSN,NL,91,284,254,45,81,18,0,13,50,2,1,22,40,138,9,3,0,5,1
Ian Kennedy,kenneia01,34,KCR,AL,3,0,0,0,0,0,0,0,0,0,0,0,0,0,0,0,0,0,0
Max Kepler*,keplema01,26,MIN,AL,115,521,459,84,117,27,0,33,81,1,5,53,84,243,5,5,0,4,0
Clayton Kershaw*,kershcl01,31,LAD,NL,20,49,37,0,4,1,0,0,1,0,0,0,10,5,0,0,12,0,0
Dallas Keuchel*,keuchda01,31,ATL,NL,11,24,23,0,3,1,0,0,0,0,0,1,16,4,0,0,0,0,0
Carter Kieboom,kieboca01,21,WSN,NL,11,43,39,4,5,0,0,2,2,0,0,4,16,11,0,0,0,0,1
Kevin Kiermaier*,kiermke01,29,TBR,AL,102,390,366,49,89,16,7,12,46,18,4,21,81,155,7,1,1,1,2
Craig Kimbrel,kimbrcr01,31,CHC,NL,14,0,0,0,0,0,0,0,0,0,0,0,0,0,0,0,0,0,0
Isiah Kiner-Falefa,kineris01,24,TEX,AL,49,159,141,18,33,9,1,1,15,2,0,13,38,47,6,3,1,1,0
Scott Kingery,kingesc01,25,PHI,NL,91,367,336,49,90,28,2,14,36,10,2,25,105,164,3,5,0,1,0
Tyler Kinley,kinlety01,28,MIA,NL,30,0,0,0,0,0,0,0,0,0,0,0,0,0,0,0,0,0,0
Ian Kinsler,kinslia01,37,SDP,NL,87,281,258,28,56,12,0,9,22,2,4,19,54,95,5,3,0,1,0
Brandon Kintzler,kintzbr01,34,CHC,NL,46,0,0,0,0,0,0,0,0,0,0,0,0,0,0,0,0,0,0
Jason Kipnis*,kipnija01,32,CLE,AL,101,432,384,41,97,21,1,12,56,6,1,36,73,156,5,1,5,6,2
Andrew Kittredge,kittran01,29,TBR,AL,1,0,0,0,0,0,0,0,0,0,0,0,0,0,0,0,0,0,0
Branden Kline,klinebr01,27,BAL,AL,3,0,0,0,0,0,0,0,0,0,0,0,0,0,0,0,0,0,0
Corey Kluber,klubeco01,33,CLE,AL,1,1,1,0,0,0,0,0,0,0,0,0,1,0,0,0,0,0,0
Andrew Knapp#,knappan01,27,PHI,NL,59,115,95,10,19,4,0,1,4,0,0,15,33,26,2,3,2,0,1
Andrew Knizner,kniznan01,24,STL,NL,13,46,42,5,8,2,0,1,4,2,0,3,11,13,2,1,0,0,0
Matt Koch*,kochma01,28,ARI,NL,9,6,6,0,0,0,0,0,0,0,0,0,5,0,0,0,0,0,0
Kevin Kramer*,krameke01,25,PIT,NL,1,1,0,1,0,0,0,0,0,0,0,1,0,0,0,0,0,0,0
Joel Kuhnel,kuhnejo01,24,CIN,NL,2,1,1,0,0,0,0,0,0,0,0,0,0,0,0,0,0,0,0
Tommy La Stella*,lasteto01,30,LAA,AL,78,312,283,49,85,7,0,16,44,0,0,20,27,140,8,3,0,0,0
Juan Lagares,lagarju01,30,NYM,NL,101,211,191,25,41,8,1,2,18,3,1,15,61,57,5,2,2,1,3
Jake Lamb*,lambja01,28,ARI,NL,47,147,119,23,26,6,1,5,17,0,0,23,35,49,3,4,0,1,1
Peter Lambert,lambepe01,22,COL,NL,12,23,20,2,7,0,0,0,2,0,0,2,6,7,1,0,1,0,0
Dinelson Lamet,lametdi01,26,SDP,NL,7,13,12,1,1,0,0,0,0,0,0,0,7,1,0,0,1,0,0
Eric Lauer,lauerer01,24,SDP,NL,22,37,29,1,3,2,0,0,0,0,0,1,20,5,0,0,6,0,0
Ramon Laureano,laurera01,24,OAK,AL,107,419,380,67,108,26,0,21,58,12,2,22,113,197,6,10,0,7,0
Ryan Lavarnway,lavarry01,31,CIN,NL,5,19,18,4,5,2,0,2,7,0,0,1,5,13,0,0,0,0,0
Derek Law,lawde01,28,TOR,AL,1,0,0,0,0,0,0,0,0,0,0,0,0,0,0,0,0,0,0
Wade LeBlanc*,leblawa01,34,SEA,AL,1,2,0,0,0,0,0,0,0,0,0,1,0,0,0,0,1,0,0
Jose Leclerc,leclejo01,25,TEX,AL,5,0,0,0,0,0,0,0,0,0,0,0,0,0,0,0,0,0,0
DJ LeMahieu,lemahdj01,30,NYY,AL,112,503,460,87,156,27,2,21,86,4,2,36,69,250,9,2,1,4,0
Sandy Leon#,leonsa01,30,BOS,AL,52,158,142,12,27,2,0,5,16,0,0,11,39,44,0,1,3,1,0
Dominic Leone,leonedo01,27,STL,NL,27,0,0,0,0,0,0,0,0,0,0,0,0,0,0,0,0,0,0
Jon Lester*,lestejo01,35,CHC,NL,21,40,36,4,7,1,0,1,5,0,0,4,15,11,1,0,0,0,0
Domingo Leyba#,leybado01,23,ARI,NL,10,10,9,1,3,1,0,0,1,0,0,1,4,4,0,0,0,0,0
Tzu-Wei Lin*,lintz02,25,BOS,AL,13,22,20,3,4,2,0,0,1,1,1,2,6,6,0,0,0,0,0
Francisco Lindor#,lindofr01,25,CLE,AL,106,487,442,73,132,30,2,21,53,18,3,37,71,229,8,3,1,4,6
Francisco Liriano*,liriafr01,35,PIT,NL,53,2,1,0,1,0,0,0,0,0,0,1,0,1,0,0,0,0,0
Zack Littell,litteza01,23,MIN,AL,1,0,0,0,0,0,0,0,0,0,0,0,0,0,0,0,0,0,0
Tim Locastro,locasti01,26,ARI,NL,68,188,159,27,40,8,2,1,15,11,0,11,27,55,0,16,1,1,0
Walker Lockett,lockewa01,25,NYM,NL,4,7,6,0,1,0,0,0,0,0,0,1,4,1,0,0,0,0,0
Shed Long*,longsh01,23,SEA,AL,19,79,69,9,16,7,0,1,5,3,1,10,20,26,1,0,0,0,0
Evan Longoria,longoev01,33,SFG,NL,95,362,328,45,83,16,2,15,49,2,1,29,76,148,9,3,0,2,0
Tim Lopes,lopesti01,25,SEA,AL,13,41,35,4,10,1,0,1,8,1,1,4,5,14,1,1,0,1,0
Jorge Lopez,lopezjo02,26,KCR,AL,2,0,0,0,0,0,0,0,0,0,0,0,0,0,0,0,0,0,0
Nicky Lopez*,lopezni01,24,KCR,AL,78,315,295,32,66,15,1,1,19,1,1,15,41,86,5,1,4,0,0
Pablo Lopez*,lopezpa01,23,MIA,NL,14,26,25,1,5,1,0,0,3,0,0,0,13,6,0,0,1,0,0
Reynaldo Lopez,lopezre01,25,CHW,AL,2,4,4,0,0,0,0,0,0,0,0,0,3,0,0,0,0,0,0
Yoan Lopez,lopezyo01,26,ARI,NL,50,0,0,0,0,0,0,0,0,0,0,0,0,0,0,0,0,0,0
Michael Lorenzen,lorenmi01,27,CIN,NL,73,15,14,5,5,1,0,0,2,3,0,1,6,6,1,0,0,0,0
Aaron Loup*,loupaa01,31,SDP,NL,4,0,0,0,0,0,0,0,0,0,0,0,0,0,0,0,0,0,0
Richard Lovelady*,lovelri01,23,KCR,AL,1,0,0,0,0,0,0,0,0,0,0,0,0,0,0,0,0,0,0
Brandon Lowe*,lowebr01,24,TBR,AL,76,307,279,40,77,17,2,16,49,5,0,22,104,146,1,5,0,1,0
Nate Lowe*,lowena01,23,TBR,AL,30,115,102,17,30,7,0,5,13,0,0,10,29,52,3,2,0,1,0
Josh Lucas,lucasjo02,28,BAL,AL,1,0,0,0,0,0,0,0,0,0,0,0,0,0,0,0,0,0,0
Joey Lucchesi*,lucchjo01,26,SDP,NL,22,44,39,0,3,0,0,0,1,0,0,1,29,3,0,0,4,0,0
Elvis Luciano,luciael01,19,TOR,AL,1,1,1,0,0,0,0,0,0,0,0,0,1,0,0,0,0,0,0
Dawel Lugo,lugoda01,24,DET,AL,41,143,133,8,29,1,3,1,12,0,0,4,29,39,4,3,0,3,0
Seth Lugo,lugose01,29,NYM,NL,43,0,0,0,0,0,0,0,0,0,0,0,0,0,0,0,0,0,0
Jordan Luplow,luplojo01,25,CLE,AL,69,216,192,31,52,13,0,11,29,3,2,22,53,98,5,1,0,1,0
Lance Lynn#,lynnla01,32,TEX,AL,1,2,2,0,0,0,0,0,0,0,0,0,2,0,0,0,0,0,0
Tyler Lyons*,lyonsty01,31,PIT,NL,3,1,1,0,0,0,0,0,0,0,0,0,0,0,0,0,0,0,0
Manny Machado,machama01,26,SDP,NL,120,519,466,67,123,17,1,26,70,4,2,46,104,220,18,4,0,3,2
Kenta Maeda,maedake01,31,LAD,NL,26,50,40,3,10,2,0,0,4,0,0,0,11,12,0,0,10,0,0
Tyler Mahle,mahlety01,24,CIN,NL,19,34,29,4,3,1,0,0,0,0,0,1,15,4,0,0,4,0,0
Mikie Mahtook,mahtomi01,29,DET,AL,9,25,23,0,0,0,0,0,0,0,0,2,11,0,0,0,0,0,0
Luke Maile,mailelu01,28,TOR,AL,41,120,111,9,17,2,1,2,9,1,0,7,29,27,1,0,2,0,0
Trey Mancini,mancitr01,27,BAL,AL,118,515,462,82,128,28,2,29,73,1,0,46,109,247,13,4,0,3,2
Dillon Maples,mapledi01,27,CHC,NL,9,0,0,0,0,0,0,0,0,0,0,0,0,0,0,0,0,0,0
Nick Margevicius*,margeni01,23,SDP,NL,12,17,15,1,3,0,0,0,0,0,0,0,7,3,0,0,2,0,0
Manuel Margot,margoma01,24,SDP,NL,114,334,298,52,73,17,1,10,28,17,1,33,63,122,5,1,2,0,1
Jake Marisnick,marisja01,28,HOU,AL,94,255,233,40,57,16,2,9,28,10,2,13,74,104,5,6,3,0,0
Nick Markakis*,markani01,35,ATL,NL,104,416,366,57,104,22,2,9,55,2,0,43,53,157,9,2,0,5,1
German Marquez,marquge01,24,COL,NL,24,56,46,4,10,3,1,0,11,0,0,0,14,15,1,0,10,0,0
Deven Marrero,marrede01,28,MIA,NL,5,5,5,0,0,0,0,0,0,0,0,0,3,0,0,0,0,0,0
Evan Marshall,marshev01,29,CHW,AL,5,0,0,0,0,0,0,0,0,0,0,0,0,0,0,0,0,0,0
Ketel Marte#,marteke01,25,ARI,NL,118,525,475,82,152,27,8,25,71,8,2,44,72,270,7,4,0,2,2
Starling Marte,martest01,30,PIT,NL,112,507,469,84,137,26,5,21,70,22,4,19,80,236,15,13,2,4,0
Brett Martin*,martibr01,24,TEX,AL,4,0,0,0,0,0,0,0,0,0,0,0,0,0,0,0,0,0,0
Jason Martin*,martija03,23,PIT,NL,19,39,36,4,9,2,0,0,2,2,0,3,10,11,0,0,0,0,0
Leonys Martin*,martile01,31,CLE,AL,65,264,236,32,47,7,0,9,19,4,5,21,78,81,1,4,3,0,0
Richie Martin,martiri01,24,BAL,AL,96,262,241,22,46,6,3,4,13,7,1,14,75,70,6,4,3,0,0
Russell Martin,martiru01,36,LAD,NL,66,203,169,24,36,4,0,4,15,0,0,25,46,52,1,7,0,2,3
Carlos Martinez,martica04,27,STL,NL,26,0,0,0,0,0,0,0,0,0,0,0,0,0,0,0,0,0,0
J.D. Martinez,martijd02,31,BOS,AL,115,522,461,78,143,28,2,28,75,1,0,53,104,259,16,4,0,3,7
Jose Martinez,martijo08,30,STL,NL,110,348,312,42,83,12,0,10,40,2,0,33,73,125,14,1,0,2,0
Nick Martini*,martini02,29,OAK,AL,6,13,11,1,1,0,0,1,2,0,0,2,5,4,0,0,0,0,0
Jeff Mathis,mathije01,36,TEX,AL,73,214,199,16,33,7,0,2,11,0,0,14,71,46,1,0,0,1,1
Steven Matz,matzst01,28,NYM,NL,26,43,40,4,11,0,0,1,1,0,0,0,13,14,0,0,3,0,0
Dustin May,maydu01,21,LAD,NL,4,7,7,0,0,0,0,0,0,0,0,0,3,0,0,0,0,0,0
Trevor May,maytr01,29,MIN,AL,5,0,0,0,0,0,0,0,0,0,0,0,0,0,0,0,0,0,0
Cameron Maybin,maybica01,32,NYY,AL,59,202,178,40,55,14,0,8,26,7,4,24,52,93,3,0,0,0,0
Mike Mayers,mayermi01,27,STL,NL,11,0,0,0,0,0,0,0,0,0,0,0,0,0,0,0,0,0,0
Jack Mayfield,mayfija01,28,HOU,AL,16,43,42,5,6,4,0,1,3,0,0,1,8,13,0,0,0,0,0
Tim Mayza*,mayzati01,27,TOR,AL,2,0,0,0,0,0,0,0,0,0,0,0,0,0,0,0,0,0,0
Nomar Mazara*,mazarno01,24,TEX,AL,108,442,405,65,109,27,1,17,62,4,1,26,100,189,5,6,0,5,2
Chris Mazza,mazzach01,29,NYM,NL,3,2,2,0,0,0,0,0,0,0,0,0,1,0,0,0,0,0,0
Brian McCann*,mccanbr01,35,ATL,NL,72,273,238,26,63,8,0,10,39,0,0,27,45,101,8,2,0,6,1
James McCann,mccanja02,29,CHW,AL,93,373,344,52,101,21,1,14,49,4,1,23,105,166,10,5,1,0,1
Kevin McCarthy,mccarke01,27,KCR,AL,3,0,0,0,0,0,0,0,0,0,0,0,0,0,0,0,0,0,0
Andrew McCutchen,mccutan01,32,PHI,NL,59,262,219,45,56,12,1,10,29,2,1,43,55,100,1,0,0,0,0
T.J. McFarland*,mcfartj01,30,ARI,NL,31,5,3,0,0,0,0,0,0,0,0,0,3,0,0,0,2,0,0
Jake McGee*,mcgeeja01,32,COL,NL,32,0,0,0,0,0,0,0,0,0,0,0,0,0,0,0,0,0,0
Kyle McGowin,mcgowky01,27,WSN,NL,6,3,3,1,1,0,0,0,0,0,0,0,0,1,0,0,0,0,0
Reese McGuire*,mcguire01,24,TOR,AL,10,34,34,5,9,2,0,3,4,0,0,0,7,20,1,0,0,0,0
Collin McHugh,mchugco01,32,HOU,AL,2,0,0,0,0,0,0,0,0,0,0,0,0,0,0,0,0,0,0
Brendan McKay*,mckaybr01,23,TBR,AL,3,6,5,0,0,0,0,0,0,0,0,1,1,0,0,0,0,0,0
Billy McKinney*,mckinbi01,24,TOR,AL,59,213,195,29,42,11,1,9,21,0,2,13,53,82,0,2,2,1,0
Ryan McMahon*,mcmahry01,24,COL,NL,105,398,354,56,95,19,1,17,63,5,0,43,114,167,9,0,0,1,1
Jeff McNeil*,mcneije01,27,NYM,NL,105,442,397,67,132,31,1,15,55,4,5,28,62,210,4,17,0,0,2
Alex McRae,mcraeal01,26,PIT,NL,6,4,3,0,1,0,0,0,0,0,0,0,2,1,0,0,1,0,0
Austin Meadows*,meadoau01,24,TBR,AL,102,432,389,51,107,18,7,20,58,9,5,38,106,199,1,5,0,0,5
John Means*,meansjo01,26,BAL,AL,2,3,1,0,1,0,0,0,0,0,0,1,0,1,0,0,1,0,0
Francisco Mejia#,mejiafr01,23,SDP,NL,61,194,180,22,50,7,2,6,17,1,0,10,42,79,4,3,0,1,1
Conner Menez*,menezco01,24,SFG,NL,4,3,3,0,0,0,0,0,0,0,0,0,0,0,0,0,0,0,0
Daniel Mengden,mengdda01,26,OAK,AL,1,2,2,0,0,0,0,0,0,0,0,0,2,0,0,0,0,0,0
Oscar Mercado,mercaos01,24,CLE,AL,79,335,305,52,87,18,2,10,35,11,3,19,59,139,7,4,5,2,0
Jordy Mercer,mercejo03,32,DET,AL,49,183,173,13,43,10,0,6,13,0,0,8,35,71,2,2,0,0,1
Whit Merrifield,merriwh01,30,KCR,AL,125,569,523,83,157,33,9,14,63,16,8,40,93,250,6,4,0,2,4
Miles Mikolas,mikolmi01,30,STL,NL,24,48,45,0,7,1,0,0,2,0,0,0,20,8,0,0,3,0,0
Wade Miley*,mileywa01,32,HOU,AL,3,6,4,1,0,0,0,0,0,0,0,1,1,0,0,0,1,0,0
Andrew Miller*,millean01,34,STL,NL,49,0,0,0,0,0,0,0,0,0,0,0,0,0,0,0,0,0,0
Justin Miller,milleju02,32,WSN,NL,17,0,0,0,0,0,0,0,0,0,0,0,0,0,0,0,0,0,0
Shelby Miller,millesh01,28,TEX,AL,2,3,1,0,0,0,0,0,0,0,0,2,1,0,0,0,0,0,0
Alec Mills,millsal02,27,CHC,NL,4,8,8,0,1,0,0,0,0,0,0,0,3,1,0,0,0,0,0
Juan Minaya,minayju01,28,CHW,AL,2,0,0,0,0,0,0,0,0,0,0,0,0,0,0,0,0,0,0
Mike Minor,minormi01,31,TEX,AL,4,10,9,0,0,0,0,0,0,0,0,0,6,0,0,0,1,0,0
A.J. Minter*,minteaj01,25,ATL,NL,33,0,0,0,0,0,0,0,0,0,0,0,0,0,0,0,0,0,0
Yadier Molina,molinya01,36,STL,NL,76,297,282,27,70,16,0,4,37,4,0,9,39,98,11,2,0,4,0
Yoan Moncada#,moncayo01,24,CHW,AL,97,409,372,58,112,21,3,20,59,7,3,31,113,199,1,3,1,2,1
Adalberto Mondesi#,mondera02,23,KCR,AL,82,360,335,48,89,17,9,7,52,31,4,16,101,145,4,0,3,6,0
Frankie Montas,montafr02,26,OAK,AL,1,2,1,0,0,0,0,0,0,0,0,1,0,0,0,0,0,0,0
Rafael Montero,montera01,28,TEX,AL,1,0,0,0,0,0,0,0,0,0,0,0,0,0,0,0,0,0,0
Dylan Moore,mooredy01,26,SEA,AL,84,200,174,22,35,10,2,5,14,7,7,19,68,64,5,6,1,0,0
Colin Moran*,moranco01,26,PIT,NL,117,383,354,37,100,21,1,11,64,0,0,24,90,156,7,2,0,3,3
Adrian Morejon*,morejad01,20,SDP,NL,4,1,1,0,0,0,0,0,0,0,0,0,1,0,0,0,0,0,0
Mitch Moreland*,morelmi01,33,BOS,AL,63,228,202,31,49,11,1,14,44,1,0,24,50,104,9,0,0,2,0
Adam Morgan*,morgaad01,29,PHI,NL,38,0,0,0,0,0,0,0,0,0,0,0,0,0,0,0,0,0,0
Max Moroff#,morofma01,26,CLE,AL,20,35,32,3,4,1,0,1,4,1,0,2,16,8,0,0,1,0,0
Reyes Moronta,moronre01,26,SFG,NL,49,0,0,0,0,0,0,0,0,0,0,0,0,0,0,0,0,0,0
Logan Morrison*,morrilo01,31,PHI,NL,5,8,8,0,3,1,0,0,0,0,0,0,0,4,0,0,0,0,0
Charlie Morton,mortoch02,35,TBR,AL,1,2,2,0,0,0,0,0,0,0,0,0,2,0,0,0,0,0,0
Mike Moustakas*,moustmi01,30,MIL,NL,115,495,449,70,119,27,1,30,71,3,0,39,83,238,11,6,0,1,3
Cedric Mullins#,mullice01,24,BAL,AL,22,74,64,7,6,0,2,0,4,1,0,4,14,10,2,3,2,1,0
Max Muncy*,muncyma01,28,LAD,NL,120,499,419,82,108,18,1,31,85,3,1,72,119,221,5,4,0,4,1
Andres Munoz,munozan01,20,SDP,NL,13,0,0,0,0,0,0,0,0,0,0,0,0,0,0,0,0,0,0
Yairo Munoz,munozya01,24,STL,NL,72,163,156,19,42,7,1,2,13,7,3,5,31,57,4,1,0,1,0
Daniel Murphy*,murphda08,34,COL,NL,97,370,339,43,95,25,1,11,65,1,1,24,58,155,6,1,0,4,0
John Ryan Murphy,murphjr01,28,ARI,NL,25,69,62,9,11,3,0,4,7,0,0,6,28,26,0,0,1,0,0
Tom Murphy,murphto04,28,SEA,AL,51,185,176,20,50,9,1,13,29,2,0,7,65,100,0,1,0,1,0
Harrison Musgrave*,musgrha01,27,COL,NL,9,0,0,0,0,0,0,0,0,0,0,0,0,0,0,0,0,0,0
Joe Musgrove,musgrjo01,26,PIT,NL,36,49,41,4,5,1,0,0,1,0,0,2,16,6,0,0,6,0,0
Wil Myers,myerswi01,28,SDP,NL,119,380,335,49,76,16,0,14,39,10,6,42,134,134,9,2,1,0,0
Tyler Naquin*,naquity01,28,CLE,AL,80,268,252,32,71,18,0,10,32,4,1,11,62,119,7,1,2,2,2
Omar Narvaez*,narvaom01,27,SEA,AL,102,380,338,53,97,9,0,17,43,0,0,37,72,157,5,3,0,2,1
Josh Naylor*,naylojo01,22,SDP,NL,57,164,149,18,37,8,0,6,25,1,1,14,36,63,2,0,0,1,1
Jimmy Nelson,nelsoji02,30,MIL,NL,4,3,3,0,0,0,0,0,0,0,0,0,3,0,0,0,0,0,0
Hector Neris,nerishe01,30,PHI,NL,49,0,0,0,0,0,0,0,0,0,0,0,0,0,0,0,0,0,0
Pat Neshek#,neshepa01,38,PHI,NL,20,0,0,0,0,0,0,0,0,0,0,0,0,0,0,0,0,0,0
Dovydas Neverauskas,neverdo01,26,PIT,NL,10,0,0,0,0,0,0,0,0,0,0,0,0,0,0,0,0,0,0
Jake Newberry,newbeja01,24,KCR,AL,1,0,0,0,0,0,0,0,0,0,0,0,0,0,0,0,0,0,0
Sean Newcomb*,newcose01,26,ATL,NL,39,8,8,0,0,0,0,0,0,0,0,0,7,0,0,0,0,0,0
Kevin Newman,newmake01,25,PIT,NL,94,376,349,34,106,14,3,7,42,10,6,21,47,147,4,3,2,1,2
Juan Nicasio,nicasju01,32,PHI,NL,42,2,2,0,0,0,0,0,0,0,0,0,1,0,0,0,0,0,0
Tomas Nido,nidoto01,25,NYM,NL,38,120,114,7,24,5,0,3,13,0,0,5,30,38,3,0,1,0,1
Brandon Nimmo*,nimmobr01,26,NYM,NL,43,161,130,20,26,7,0,3,14,1,0,26,48,42,1,3,1,1,1
Hector Noesi,noesihe01,32,MIA,NL,3,5,4,0,1,0,0,0,0,0,0,0,3,1,0,0,1,0,0
Stephen Nogosek,nogosst01,24,NYM,NL,7,0,0,0,0,0,0,0,0,0,0,0,0,0,0,0,0,0,0
Aaron Nola,nolaaa01,26,PHI,NL,25,57,47,6,4,0,0,0,2,0,0,6,28,4,0,0,4,0,0
Austin Nola,nolaau01,29,SEA,AL,45,131,121,19,38,7,1,6,13,0,0,7,30,65,2,2,1,0,1
Jake Noll,nollja01,25,WSN,NL,8,13,12,1,2,1,0,0,2,0,0,1,4,3,0,0,0,0,0
Daniel Norris*,norrida01,26,DET,AL,4,6,6,1,1,0,0,0,0,0,0,0,3,1,0,0,0,0,0
James Norwood,norwoja01,25,CHC,NL,1,0,0,0,0,0,0,0,0,0,0,0,0,0,0,0,0,0,0
Jacob Nottingham,nottija01,24,MIL,NL,6,5,5,1,2,0,0,1,4,0,0,0,2,5,0,0,0,0,0
Ivan Nova,novaiv01,32,CHW,AL,2,4,4,0,0,0,0,0,0,0,0,0,3,0,0,0,0,0,0
Dom Nunez*,nunezdo01,24,COL,NL,2,6,6,1,1,0,0,1,1,0,0,0,1,4,0,0,0,0,0
Eduardo Nunez,nunezed02,32,BOS,AL,60,174,167,13,38,7,0,2,20,5,1,4,27,51,6,0,1,2,0
Renato Nunez,nunezre01,25,BAL,AL,118,476,432,62,105,21,0,27,72,0,1,35,115,207,7,7,0,2,1
Peter O'Brien,obriepe01,28,MIA,NL,14,47,42,2,7,1,0,1,4,1,0,4,19,11,2,1,0,0,0
Brian O'Grady*,ogradbr01,27,CIN,NL,6,6,6,0,1,0,0,0,0,0,0,0,2,1,0,0,0,0,0
Ryan O'Hearn*,ohearry01,25,KCR,AL,73,268,239,21,41,8,1,7,22,0,1,28,70,72,7,1,0,1,1
Tyler O'Neill,oneilty01,24,STL,NL,46,136,129,14,36,5,0,5,16,1,0,7,46,56,3,0,0,0,0
Ryan O'Rourke,orourry01,31,NYM,NL,2,0,0,0,0,0,0,0,0,0,0,0,0,0,0,0,0,0,0
Scott Oberg,obergsc01,29,COL,NL,45,1,1,0,0,0,0,0,0,0,0,0,1,0,0,0,0,0,0
Rougned Odor*,odorro01,25,TEX,AL,108,435,392,57,80,22,1,21,66,8,8,38,137,167,4,3,1,1,2
Jake Odorizzi,odorija01,29,MIN,AL,3,3,2,0,0,0,0,0,0,0,0,0,0,0,0,0,1,0,0
Seunghwan Oh,ohse01,36,COL,NL,20,0,0,0,0,0,0,0,0,0,0,0,0,0,0,0,0,0,0
Shohei Ohtani*,ohtansh01,24,LAA,AL,87,349,314,43,94,15,3,16,52,10,3,29,84,163,4,2,0,4,1
Matt Olson*,olsonma02,25,OAK,AL,91,385,340,46,89,17,0,25,60,0,0,35,95,181,6,9,0,1,4
Tyler Olson,olsonty01,29,CLE,AL,1,0,0,0,0,0,0,0,0,0,0,0,0,0,0,0,0,0,0
Rafael Ortega*,ortegra01,28,ATL,NL,5,10,10,1,3,1,0,1,4,0,0,0,1,7,0,0,0,0,0
Josh Osich*,osichjo01,30,CHW,AL,4,0,0,0,0,0,0,0,0,0,0,0,0,0,0,0,0,0,0
Jose Osuna,osunajo01,26,PIT,NL,58,135,123,21,39,13,0,8,26,0,0,8,23,76,3,1,0,2,0
Roberto Osuna,osunaro01,24,HOU,AL,3,0,0,0,0,0,0,0,0,0,0,0,0,0,0,0,0,0,0
Corey Oswalt,oswalco01,25,NYM,NL,2,3,1,0,0,0,0,0,1,0,0,0,1,0,0,0,1,1,0
Dan Otero,oteroda01,34,CLE,AL,1,0,0,0,0,0,0,0,0,0,0,0,0,0,0,0,0,0,0
Adam Ottavino#,ottavad01,33,NYY,AL,3,0,0,0,0,0,0,0,0,0,0,0,0,0,0,0,0,0,0
Marcell Ozuna,ozunama01,28,STL,NL,92,382,340,59,88,18,0,22,67,12,1,40,79,172,14,1,0,1,2
Chris Paddack,paddach01,23,SDP,NL,20,37,33,2,3,0,0,0,2,0,0,0,13,3,0,0,4,0,0
Emilio Pagan*,paganem01,28,TBR,AL,4,1,1,0,0,0,0,0,0,0,0,0,1,0,0,0,0,0,0
Daniel Palka*,palkada01,27,CHW,AL,17,52,45,0,1,0,0,0,2,0,0,6,18,1,2,1,0,0,0
Thomas Pannone*,pannoth01,25,TOR,AL,2,0,0,0,0,0,0,0,0,0,0,0,0,0,0,0,0,0,0
Jarrett Parker*,parkeja03,30,LAA,AL,5,15,12,1,0,0,0,0,0,0,0,3,8,0,0,0,0,0,0
Wes Parsons,parsowe01,26,ATL,NL,16,1,1,0,0,0,0,0,0,0,0,0,1,0,0,0,0,0,0
James Paxton*,paxtoja01,30,NYY,AL,2,5,2,0,0,0,0,0,1,0,0,0,2,0,0,0,3,0,0
Pedro Payano,payanpe01,24,TEX,AL,1,1,1,0,0,0,0,0,0,0,0,0,1,0,0,0,0,0,0
Steve Pearce,pearcst01,36,BOS,AL,29,99,89,9,16,4,0,1,9,0,0,7,31,23,5,1,0,1,0
Joc Pederson*,pederjo01,27,LAD,NL,114,407,357,60,84,10,3,24,53,1,0,39,87,172,4,10,0,1,1
Dustin Pedroia,pedrodu01,35,BOS,AL,6,21,20,1,2,0,0,0,1,0,0,1,2,2,2,0,0,0,0
Felix Pena,penafe01,29,LAA,AL,3,2,2,0,0,0,0,0,0,0,0,0,0,0,0,0,0,0,0
Hunter Pence,pencehu01,36,TEX,AL,78,297,269,52,79,17,1,18,55,5,1,24,60,152,2,2,0,2,0
David Peralta*,peralda01,31,ARI,NL,95,407,367,46,100,27,2,12,55,0,0,34,85,167,9,5,0,1,3
Freddy Peralta,peralfr01,23,MIL,NL,29,15,14,1,2,0,0,0,1,0,0,0,6,2,0,0,1,0,0
Wandy Peralta*,peralwa01,27,CIN,NL,36,0,0,0,0,0,0,0,0,0,0,0,0,0,0,0,0,0,0
Wily Peralta,peralwi01,30,KCR,AL,2,0,0,0,0,0,0,0,0,0,0,0,0,0,0,0,0,0,0
Jose Peraza,perazjo01,25,CIN,NL,114,327,304,31,72,12,2,6,33,5,5,13,51,106,9,8,0,2,0
Luis Perdomo,perdolu02,26,SDP,NL,30,5,5,0,1,0,0,0,1,0,0,0,2,1,0,0,0,0,0
Hernan Perez,perezhe01,28,MIL,NL,65,177,166,23,39,8,0,5,11,4,1,9,47,62,8,0,1,1,0
Martin Perez*,perezma02,28,MIN,AL,3,3,3,1,0,0,0,0,0,0,0,0,2,0,0,0,0,0,0
Michael Perez*,perezmi03,26,TBR,AL,15,46,39,6,10,5,0,0,2,0,0,6,15,15,0,1,0,0,0
Roberto Perez,perezro02,30,CLE,AL,92,351,303,38,69,7,1,20,48,0,0,37,100,138,9,2,5,4,1
Dustin Peterson,peterdu01,24,DET,AL,17,47,44,3,10,4,0,0,6,1,0,2,14,14,1,1,0,0,0
Jace Peterson*,peterja01,29,BAL,AL,22,87,81,10,18,3,1,2,11,4,1,5,18,29,1,0,0,1,0
Tim Peterson,peterti01,28,NYM,NL,5,0,0,0,0,0,0,0,0,0,0,0,0,0,0,0,0,0,0
Yusmeiro Petit,petityu01,34,OAK,AL,6,1,1,0,0,0,0,0,0,0,0,0,0,0,1,0,0,0,0
Jake Petricka,petrija01,31,MIL,NL,5,0,0,0,0,0,0,0,0,0,0,0,0,0,0,0,0,0,0
Tommy Pham,phamth01,31,TBR,AL,111,503,432,56,116,22,2,18,53,13,3,66,96,196,16,4,0,1,3
Josh Phegley,phegljo01,31,OAK,AL,84,266,246,35,60,14,0,10,47,0,1,10,42,104,9,5,1,4,0
Brett Phillips*,phillbr02,25,KCR,AL,3,11,9,2,2,1,0,0,1,1,0,2,2,3,0,0,0,0,0
Evan Phillips,phillev01,24,BAL,AL,1,0,0,0,0,0,0,0,0,0,0,0,0,0,0,0,0,0,0
Manny Pina,pinama01,32,MIL,NL,61,145,129,9,29,6,0,6,18,0,0,13,39,53,1,3,0,0,1
Chad Pinder,pindech01,27,OAK,AL,93,281,260,36,65,17,0,11,39,0,1,13,65,115,9,5,0,3,0
Michael Pineda,pinedmi01,30,MIN,AL,2,4,4,0,0,0,0,0,0,0,0,0,1,0,0,0,0,0,0
Jose Pirela,pireljo01,29,SDP,NL,2,5,5,0,0,0,0,0,0,0,0,0,3,0,1,0,0,0,0
Stephen Piscotty,piscost01,28,OAK,AL,88,377,341,44,84,16,1,12,41,2,0,29,83,138,12,3,1,3,0
Nick Pivetta,pivetni01,26,PHI,NL,22,25,24,1,2,0,0,0,0,0,0,0,18,2,0,0,1,0,0
Kevin Plawecki,plaweke01,28,CLE,AL,47,138,124,11,26,8,0,2,12,0,1,10,26,40,4,3,0,1,0
Colin Poche*,pocheco01,25,TBR,AL,2,0,0,0,0,0,0,0,0,0,0,0,0,0,0,0,0,0,0
Gregory Polanco*,polangr01,27,PIT,NL,42,167,153,23,37,8,1,6,17,3,1,12,49,65,4,1,0,0,1
Jorge Polanco#,polanjo01,25,MIN,AL,118,552,495,76,146,32,6,17,62,4,3,48,86,241,8,3,1,5,2
A.J. Pollock,polloaj01,31,LAD,NL,54,215,192,34,51,9,1,8,30,2,1,15,43,86,4,4,0,4,1
Daniel Ponce de Leon,ponceda01,27,STL,NL,9,10,7,0,0,0,0,0,0,0,0,1,4,0,0,0,2,0,0
Sean Poppen,poppese01,25,MIN,AL,1,0,0,0,0,0,0,0,0,0,0,0,0,0,0,0,0,0,0
Rick Porcello,porceri01,30,BOS,AL,1,2,2,0,0,0,0,0,0,0,0,0,0,0,0,0,0,0,0
Buster Posey,poseybu01,32,SFG,NL,92,353,319,37,82,24,0,6,34,0,0,29,54,124,14,4,0,1,0
Brooks Pounders,poundbr01,28,NYM,NL,7,0,0,0,0,0,0,0,0,0,0,0,0,0,0,0,0,0,0
Bobby Poyner*,poynebo01,26,BOS,AL,1,0,0,0,0,0,0,0,0,0,0,0,0,0,0,0,0,0,0
Martin Prado,pradoma01,35,MIA,NL,73,207,197,20,48,8,0,1,14,0,0,7,33,59,6,0,0,3,0
Ryan Pressly,pressry01,30,HOU,AL,4,0,0,0,0,0,0,0,0,0,0,0,0,0,0,0,0,0,0
David Price*,priceda01,33,BOS,AL,1,2,2,0,1,0,0,0,1,0,0,0,1,1,0,0,0,0,0
Jurickson Profar#,profaju01,26,OAK,AL,107,398,363,45,74,17,1,15,51,7,0,27,61,138,10,6,0,2,2
Austin Pruitt,pruitau01,29,TBR,AL,1,1,1,0,0,0,0,0,0,0,0,0,1,0,0,0,0,0,0
Albert Pujols,pujolal01,39,LAA,AL,98,403,364,42,88,14,0,18,70,0,0,29,53,156,17,3,0,7,1
Cal Quantrill*,quantca01,24,SDP,NL,15,22,18,1,1,0,0,0,1,0,0,1,5,1,0,0,3,0,0
Jose Quijada*,quijajo01,23,MIA,NL,23,1,1,0,0,0,0,0,0,0,0,0,1,0,0,0,0,0,0
Roman Quinn#,quinnro01,26,PHI,NL,44,122,108,18,23,3,1,4,11,8,0,12,34,40,2,1,1,0,0
Jose Quintana,quintjo01,30,CHC,NL,24,54,47,2,3,0,0,0,2,0,0,0,25,3,1,0,7,0,0
Tanner Rainey,raineta01,26,WSN,NL,30,1,1,0,0,0,0,0,0,0,0,0,1,0,0,0,0,0,0
Hanley Ramirez,ramirha01,35,CLE,AL,16,57,49,4,9,1,0,2,8,0,0,8,17,16,2,0,0,0,0
Harold Ramirez,ramirha02,24,MIA,NL,82,311,294,38,79,15,1,7,38,2,0,12,62,117,7,4,0,1,1
Jose Ramirez#,ramirjo01,26,CLE,AL,121,517,459,65,116,32,2,20,74,24,4,50,71,212,8,2,0,6,3
Nick Ramirez*,ramirni01,29,DET,AL,3,1,1,0,0,0,0,0,0,0,0,0,1,0,0,0,0,0,0
Noe Ramirez,ramirno01,29,LAA,AL,3,0,0,0,0,0,0,0,0,0,0,0,0,0,0,0,0,0,0
Edubray Ramos,ramosed02,26,PHI,NL,17,0,0,0,0,0,0,0,0,0,0,0,0,0,0,0,0,0,0
Wilson Ramos,ramoswi01,31,NYM,NL,109,406,365,42,102,10,0,13,61,0,0,38,53,151,14,1,0,2,5
Rangel Ravelo,ravelra01,27,STL,NL,14,20,19,0,3,2,0,0,1,0,0,1,8,5,1,0,0,0,0
Robbie Ray*,rayro02,27,ARI,NL,23,47,44,0,3,0,0,0,3,0,0,0,21,3,2,0,3,0,0
Raudy Read,readra01,25,WSN,NL,1,1,1,0,0,0,0,0,0,0,0,0,0,0,0,0,0,0,0
J.T. Realmuto,realmjt01,28,PHI,NL,118,469,429,75,120,29,1,19,66,7,1,32,106,208,8,3,0,5,2
Josh Reddick*,reddijo01,32,HOU,AL,111,441,404,45,107,14,2,10,37,4,2,27,50,155,9,0,0,8,1
AJ Reed*,reedaj01,26,CHW,AL,14,49,44,1,6,0,0,1,4,0,0,4,21,9,1,0,0,1,0
Cody Reed*,reedco01,26,CIN,NL,3,1,1,0,0,0,0,0,0,0,0,0,1,0,0,0,0,0,0
Michael Reed,reedmi02,26,SFG,NL,4,8,8,0,0,0,0,0,0,0,0,0,6,0,0,0,0,0,0
Zac Reininger#,reiniza01,26,DET,AL,5,0,0,0,0,0,0,0,0,0,0,0,0,0,0,0,0,0,0
Anthony Rendon,rendoan01,29,WSN,NL,109,479,415,88,132,32,3,27,97,2,1,47,67,251,11,11,0,6,6
Hunter Renfroe,renfrhu01,27,SDP,NL,112,414,372,58,88,18,1,31,61,4,0,36,119,201,6,1,0,5,1
Luis Rengifo#,rengilu01,22,LAA,AL,86,331,290,39,71,16,3,4,27,1,4,32,74,105,6,5,1,3,0
Alex Reyes,reyesal02,24,STL,NL,4,0,0,0,0,0,0,0,0,0,0,0,0,0,0,0,0,0,0
Gerardo Reyes,reyesge01,26,SDP,NL,18,1,1,0,0,0,0,0,0,0,0,0,1,0,0,0,0,0,0
Pablo Reyes,reyespa01,25,PIT,NL,37,74,68,9,12,1,0,2,8,1,0,5,19,19,0,1,0,0,0
Victor Reyes#,reyesvi01,24,DET,AL,31,123,115,14,31,7,3,0,8,1,1,8,27,44,3,0,0,0,0
Bryan Reynolds#,reynobr01,24,PIT,NL,100,396,350,65,114,25,2,13,49,1,2,38,88,182,8,6,0,2,0
Mark Reynolds,reynoma01,35,COL,NL,78,162,135,13,23,7,0,4,20,2,0,22,57,42,3,2,0,3,0
Jacob Rhame,rhameja01,26,NYM,NL,5,0,0,0,0,0,0,0,0,0,0,0,0,0,0,0,0,0,0
JT Riddle*,riddljt01,27,MIA,NL,51,139,132,15,25,6,0,6,12,0,0,5,42,49,3,2,0,0,1
Austin Riley,rileyau01,22,ATL,NL,66,255,236,38,57,9,1,17,45,0,2,13,90,119,4,5,0,1,3
Edwin Rios*,riosed01,25,LAD,NL,17,43,35,8,10,2,1,2,4,0,0,8,13,20,1,0,0,0,0
Yacksel Rios,riosya01,26,PHI,NL,4,0,0,0,0,0,0,0,0,0,0,0,0,0,0,0,0,0,0
Yadiel Rivera,riverya01,27,MIA,NL,34,66,60,8,11,2,0,0,3,2,0,6,20,13,1,0,0,0,0
Anthony Rizzo*,rizzoan01,29,CHC,NL,120,514,431,74,122,25,2,23,77,5,2,60,75,220,14,21,0,2,3
Daniel Robertson,roberda10,25,TBR,AL,59,206,178,22,36,8,0,2,15,1,1,23,52,50,10,5,0,0,0
David Robertson,roberda08,34,PHI,NL,7,0,0,0,0,0,0,0,0,0,0,0,0,0,0,0,0,0,0
Drew Robinson*,robindr01,27,STL,NL,5,7,7,1,1,0,0,0,0,0,0,0,3,1,0,0,0,0,0
Hansel Robles,robleha01,28,LAA,AL,5,0,0,0,0,0,0,0,0,0,0,0,0,0,0,0,0,0,0
Victor Robles,roblevi01,22,WSN,NL,118,464,409,68,103,23,3,16,53,19,7,26,111,180,5,19,6,4,3
Brendan Rodgers,rodgebr02,22,COL,NL,25,81,76,8,17,2,0,0,7,0,0,4,27,19,2,1,0,0,0
Dereck Rodriguez,rodride01,27,SFG,NL,20,23,23,1,5,0,0,0,0,0,0,0,12,5,0,0,0,0,0
Richard Rodriguez,rodriri05,29,PIT,NL,50,0,0,0,0,0,0,0,0,0,0,0,0,0,0,0,0,0,0
Ronny Rodriguez,rodriro03,27,DET,AL,56,189,179,18,39,11,3,7,24,2,1,7,53,77,4,0,0,3,0
Sean Rodriguez,rodrise01,34,PHI,NL,50,93,79,16,17,3,0,3,10,1,1,8,29,29,2,2,3,1,0
Chaz Roe,roech01,32,TBR,AL,7,0,0,0,0,0,0,0,0,0,0,0,0,0,0,0,0,0,0
Jake Rogers,rogerja03,24,DET,AL,15,59,49,8,7,0,0,4,7,0,0,9,22,19,2,0,1,0,0
Taylor Rogers*,rogerta01,28,MIN,AL,5,0,0,0,0,0,0,0,0,0,0,0,0,0,0,0,0,0,0
Josh Rojas*,rojasjo01,25,ARI,NL,7,24,21,3,6,1,0,0,2,1,1,3,5,7,1,0,0,0,0
Miguel Rojas,rojasmi02,30,MIA,NL,108,419,380,44,110,22,1,4,33,6,5,30,52,146,13,4,0,5,2
Sal Romano*,romansa01,25,CIN,NL,3,2,2,0,0,0,0,0,0,0,0,0,1,0,0,0,0,0,0
Austin Romine,rominau01,30,NYY,AL,53,177,169,19,46,7,0,6,28,1,1,6,36,71,4,0,1,1,0
Hector Rondon,rondohe01,31,HOU,AL,5,0,0,0,0,0,0,0,0,0,0,0,0,0,0,0,0,0,0
Amed Rosario,rosaram01,23,NYM,NL,120,500,467,60,136,25,7,12,53,15,7,26,100,211,10,2,2,3,2
Eddie Rosario*,rosared01,27,MIN,AL,105,451,427,74,119,19,1,27,82,3,1,18,63,221,9,0,0,6,1
Randy Rosario*,rosarra01,25,CHC,NL,11,1,1,0,0,0,0,0,0,0,0,0,0,0,0,0,0,0,0
Joe Ross,rossjo01,26,WSN,NL,23,11,10,0,2,0,0,0,0,0,0,1,6,2,0,0,0,0,0
Jose Ruiz,ruizjo01,24,CHW,AL,3,0,0,0,0,0,0,0,0,0,0,0,0,0,0,0,0,0,0
Rio Ruiz*,ruizri01,25,BAL,AL,95,306,275,25,67,9,1,7,33,0,1,28,71,99,6,0,1,2,0
Chris Rusin*,rusinch01,32,COL,NL,2,0,0,0,0,0,0,0,0,0,0,0,0,0,0,0,0,0,0
Addison Russell,russead02,25,CHC,NL,58,173,150,18,37,3,1,6,16,0,0,19,38,60,4,1,1,2,2
Kyle Ryan*,ryanky01,27,CHC,NL,53,2,2,0,0,0,0,0,0,0,0,0,1,0,0,0,0,0,0
Hyun-Jin Ryu,ryuhy01,32,LAD,NL,22,55,41,1,5,1,0,0,1,0,0,4,19,6,0,0,10,0,0
CC Sabathia*,sabatc.01,38,NYY,AL,1,2,2,0,0,0,0,0,0,0,0,0,2,0,0,0,0,0,0
Tyler Saladino,saladty01,29,MIL,NL,28,71,65,7,8,0,0,2,8,2,0,5,26,14,1,1,0,0,0
Fernando Salas,salasfe01,34,PHI,NL,3,0,0,0,0,0,0,0,0,0,0,0,0,0,0,0,0,0,0
Jeff Samardzija,samarje01,34,SFG,NL,23,44,39,1,4,2,0,0,1,0,0,0,25,6,0,0,5,0,0
Adrian Sampson,sampsad01,27,TEX,AL,3,2,2,0,0,0,0,0,0,0,0,0,1,0,0,0,0,0,0
Adrian Sanchez,sanchad01,28,WSN,NL,24,28,27,2,6,0,0,0,0,0,0,1,9,6,0,0,0,0,0
Anibal Sanchez,sanchan01,35,WSN,NL,21,42,40,1,2,0,0,0,0,0,0,0,19,2,2,0,2,0,0
Gary Sanchez,sanchga02,26,NYY,AL,85,361,325,47,76,10,1,27,65,0,0,29,98,169,3,6,0,1,2
Yolmer Sanchez#,sanchca01,27,CHW,AL,113,412,372,43,93,13,4,2,29,5,4,30,91,120,7,4,5,1,1
Pablo Sandoval#,sandopa01,32,SFG,NL,107,295,271,42,73,23,0,14,41,1,0,18,67,138,8,1,2,3,2
Patrick Sandoval*,sandopa02,22,LAA,AL,1,2,2,0,0,0,0,0,0,0,0,0,2,0,0,0,0,0,0
Miguel Sano,sanomi01,26,MIN,AL,75,312,268,55,65,15,1,23,50,0,1,42,108,151,2,1,0,1,0
Carlos Santana#,santaca01,33,CLE,AL,122,531,438,89,128,23,1,29,78,4,0,91,79,240,12,1,0,1,9
Danny Santana#,santada01,28,TEX,AL,96,373,351,63,107,20,6,21,58,13,6,14,106,202,5,3,0,4,1
Dennis Santana,santade01,23,LAD,NL,3,2,2,0,1,0,0,0,0,0,0,0,0,1,0,0,0,0,0
Domingo Santana,santado01,26,SEA,AL,115,496,441,63,113,20,1,21,69,8,3,49,159,198,10,2,0,2,1
Anthony Santander#,santaan02,24,BAL,AL,63,272,252,32,72,15,1,11,35,1,2,15,49,122,0,1,1,3,0
Josh Sborz,sborzjo01,25,LAD,NL,2,0,0,0,0,0,0,0,0,0,0,0,0,0,0,0,0,0,0
Scott Schebler*,schebsc01,28,CIN,NL,30,95,81,11,10,2,0,2,7,0,1,14,27,18,3,0,0,0,0
Max Scherzer,scherma01,34,WSN,NL,20,46,43,4,7,0,0,0,2,1,0,0,21,7,1,0,3,0,0
Jonathan Schoop,schoojo01,27,MIN,AL,95,373,348,51,88,20,0,17,46,1,1,15,95,159,9,9,0,1,1
Jaime Schultz,schulja02,28,LAD,NL,4,0,0,0,0,0,0,0,0,0,0,0,0,0,0,0,0,0,0
Kyle Schwarber*,schwaky01,26,CHC,NL,118,463,400,60,91,17,1,28,64,1,3,55,118,194,4,3,0,5,4
Frank Schwindel,schwifr01,27,KCR,AL,6,15,15,0,1,0,0,0,0,0,0,0,2,1,0,0,0,0,0
Robby Scott#,scottro02,29,ARI,NL,3,0,0,0,0,0,0,0,0,0,0,0,0,0,0,0,0,0,0
Tanner Scott,scottta01,24,BAL,AL,1,0,0,0,0,0,0,0,0,0,0,0,0,0,0,0,0,0,0
Corey Seager*,seageco01,25,LAD,NL,100,406,360,62,95,32,0,12,53,1,0,39,74,163,5,4,0,3,2
Kyle Seager*,seageky01,31,SEA,AL,69,285,256,37,62,11,1,16,39,1,1,25,60,123,6,2,0,2,0
Jean Segura,segurje01,29,PHI,NL,112,486,450,65,128,28,3,11,50,7,2,25,56,195,9,8,1,2,0
Sam Selman,selmasa01,28,SFG,NL,4,0,0,0,0,0,0,0,0,0,0,0,0,0,0,0,0,0,0
Marcus Semien,semiema01,28,OAK,AL,125,575,506,90,137,31,5,21,58,7,7,67,83,241,10,1,0,1,1
Antonio Senzatela,senzaan01,24,COL,NL,17,36,32,1,0,0,0,0,1,0,0,1,19,0,0,0,3,0,0
Nick Senzel,senzeni01,24,CIN,NL,86,362,328,49,88,20,4,10,38,10,4,26,84,146,6,2,0,1,0
Pedro Severino,severpe01,25,BAL,AL,73,267,237,28,61,10,0,10,30,2,1,24,59,101,3,3,1,2,0
Paul Sewald,sewalpa01,29,NYM,NL,4,1,1,0,0,0,0,0,0,0,0,0,0,0,0,0,0,0,0
Justin Shafer,shafeju01,26,TOR,AL,1,0,0,0,0,0,0,0,0,0,0,0,0,0,0,0,0,0,0
Bryan Shaw#,shawbr01,31,COL,NL,50,0,0,0,0,0,0,0,0,0,0,0,0,0,0,0,0,0,0
Travis Shaw*,shawtr01,29,MIL,NL,65,228,197,18,32,5,0,6,13,0,0,28,74,55,5,3,0,0,3
Jimmie Sherfy,sherfji01,27,ARI,NL,5,2,2,0,0,0,0,0,0,0,0,0,2,0,0,0,0,0,0
Chasen Shreve*,shrevch01,28,STL,NL,3,1,0,0,0,0,0,0,0,0,0,1,0,0,0,0,0,0,0
JB Shuck*,shuckja01,32,PIT,NL,27,57,47,4,10,0,1,0,2,1,1,8,10,12,0,1,1,0,0
Andrelton Simmons,simmoan01,29,LAA,AL,74,305,288,37,79,16,0,5,28,9,1,16,28,110,16,1,0,0,0
Lucas Sims,simslu01,25,CIN,NL,12,6,6,0,0,0,0,0,0,0,0,0,4,0,0,0,0,0,0
Tony Sipp*,sippto01,35,WSN,NL,33,0,0,0,0,0,0,0,0,0,0,0,0,0,0,0,0,0,0
Chance Sisco*,siscoch01,24,BAL,AL,42,155,136,23,30,6,0,6,18,0,1,13,50,54,4,6,0,0,0
Tyler Skaggs*,skaggty01,27,LAA,AL,2,3,2,0,0,0,0,0,0,0,0,1,1,0,0,0,0,0,0
Matt Skole*,skolema01,29,CHW,AL,11,33,30,3,7,1,0,0,3,0,0,3,16,8,0,0,0,0,0
Austin Slater,slateau01,26,SFG,NL,38,122,102,13,30,7,3,3,16,1,0,18,34,52,1,2,0,0,1
Burch Smith,smithbu03,29,MIL,NL,7,1,1,0,0,0,0,0,0,0,0,0,1,0,0,0,0,0,0
Caleb Smith,smithca03,27,MIA,NL,18,34,31,2,7,0,0,0,2,0,0,0,11,7,1,0,3,0,0
Dominic Smith*,smithdo02,24,NYM,NL,88,196,176,34,49,10,0,10,22,1,2,19,44,89,5,1,0,0,0
Dwight Smith Jr.*,smithdw02,26,BAL,AL,84,341,311,41,74,15,2,12,48,5,1,23,68,129,7,3,0,4,0
Joe Smith,smithjo05,35,HOU,AL,1,0,0,0,0,0,0,0,0,0,0,0,0,0,0,0,0,0,0
Kevan Smith,smithke04,31,LAA,AL,43,139,122,18,30,9,0,2,12,1,0,13,24,45,6,3,0,1,0
Mallex Smith*,smithma05,26,SEA,AL,103,450,408,55,97,18,7,5,31,34,8,32,116,144,4,8,1,1,0
Will Smith,smithwi04,29,SFG,NL,51,2,1,0,1,0,0,0,2,0,0,0,0,1,0,0,1,0,0
Will Smith,smithwi05,24,LAD,NL,26,93,80,18,26,8,0,10,28,1,0,9,24,64,1,2,0,2,1
Justin Smoak#,smoakju01,32,TOR,AL,101,420,344,48,73,12,0,19,52,0,0,70,86,142,8,5,0,1,1
Chad Sobotka,sobotch01,25,ATL,NL,26,2,2,0,0,0,0,0,0,0,0,0,2,0,0,0,0,0,0
Donovan Solano,solando01,31,SFG,NL,59,175,164,21,55,11,0,4,20,0,1,8,36,78,3,1,0,2,0
Yangervis Solarte#,solarya01,31,SFG,NL,28,78,73,9,15,5,0,1,7,0,0,4,16,23,4,0,1,0,1
Jorge Soler,solerjo01,27,KCR,AL,125,518,448,69,116,25,0,35,88,1,1,56,135,246,13,9,0,3,1
Joakim Soria,soriajo01,35,OAK,AL,5,0,0,0,0,0,0,0,0,0,0,0,0,0,0,0,0,0,0
Mike Soroka,sorokmi01,21,ATL,NL,21,51,42,2,4,0,0,0,3,0,0,1,16,4,1,2,6,0,0
Edmundo Sosa,sosaed01,23,STL,NL,3,3,3,0,1,0,0,0,0,0,0,0,1,1,0,0,0,0,0
Gregory Soto*,sotogr01,24,DET,AL,1,2,2,0,2,0,0,0,0,0,0,0,0,2,0,0,0,0,0
Juan Soto*,sotoju01,20,WSN,NL,112,495,412,75,118,18,4,28,83,12,1,77,98,228,8,2,0,4,2
Glenn Sparkman,sparkgl01,27,KCR,AL,3,2,2,0,0,0,0,0,0,0,0,0,0,0,0,0,0,0,0
George Springer,springe01,29,HOU,AL,91,424,369,72,108,17,3,26,67,5,1,47,84,209,10,4,0,4,1
Jeffrey Springs*,sprinje01,26,TEX,AL,2,0,0,0,0,0,0,0,0,0,0,0,0,0,0,0,0,0,0
Jacob Stallings,stallja01,29,PIT,NL,45,124,113,14,30,4,0,4,9,0,0,9,26,46,1,2,0,0,5
Eric Stamets,stameer01,27,CLE,AL,15,48,41,4,2,1,0,0,2,0,0,5,24,3,2,0,1,1,0
Craig Stammen,stammcr01,35,SDP,NL,55,1,1,0,0,0,0,0,0,0,0,0,1,0,0,0,0,0,0
Giancarlo Stanton,stantmi03,29,NYY,AL,9,38,31,4,9,1,0,1,7,0,0,7,13,13,1,0,0,0,0
Bubba Starling,starlbu01,26,KCR,AL,27,108,102,14,22,3,0,2,8,1,0,5,34,31,2,0,1,0,0
Cody Stashak,stashco01,25,MIN,AL,1,0,0,0,0,0,0,0,0,0,0,0,0,0,0,0,0,0,0
Drew Steckenrider,steckdr01,28,MIA,NL,14,0,0,0,0,0,0,0,0,0,0,0,0,0,0,0,0,0,0
Robert Stephenson,stephro01,26,CIN,NL,40,1,1,0,0,0,0,0,0,0,0,0,1,0,0,0,0,0,0
Andrew Stevenson*,stevean01,25,WSN,NL,18,24,20,3,7,1,0,0,0,0,0,3,7,8,0,1,0,0,0
Christin Stewart*,stewach02,25,DET,AL,81,327,285,27,68,21,1,7,33,0,1,31,78,112,2,6,0,5,3
DJ Stewart*,stewadj01,25,BAL,AL,10,34,33,0,4,0,0,0,0,1,0,1,12,4,0,0,0,0,0
Robert Stock*,stockro01,29,SDP,NL,10,0,0,0,0,0,0,0,0,0,0,0,0,0,0,0,0,0,0
Trevor Story,storytr01,26,COL,NL,111,501,451,90,132,32,5,28,71,17,6,42,128,258,2,6,0,2,0
Matt Strahm,strahma01,27,SDP,NL,28,25,21,1,6,2,0,0,1,0,0,2,12,8,0,0,2,0,0
Stephen Strasburg,strasst01,30,WSN,NL,26,62,56,4,9,1,0,1,8,0,0,3,18,13,0,0,3,0,0
Myles Straw,strawmy01,24,HOU,AL,40,98,82,18,20,3,1,0,4,7,1,15,22,25,1,0,1,0,0
Ross Stripling,stripro01,29,LAD,NL,22,21,18,1,3,0,0,0,1,0,0,1,5,3,1,0,2,0,0
Pedro Strop,stroppe01,34,CHC,NL,33,0,0,0,0,0,0,0,0,0,0,0,0,0,0,0,0,0,0
Garrett Stubbs*,stubbga01,26,HOU,AL,9,27,25,2,4,1,0,0,2,1,0,2,5,5,0,0,0,0,0
Daniel Stumpf*,stumpda01,28,DET,AL,5,0,0,0,0,0,0,0,0,0,0,0,0,0,0,0,0,0,0
Andrew Suarez*,suarean01,26,SFG,NL,10,3,3,0,0,0,0,0,0,0,0,0,1,0,0,0,0,0,0
Eugenio Suarez,suareeu01,27,CIN,NL,122,509,445,67,115,18,1,34,77,3,2,50,139,237,12,8,0,6,3
Jose Suarez*,suarejo01,21,LAA,AL,1,2,2,0,0,0,0,0,0,0,0,0,1,0,0,0,0,0,0
Ranger Suarez*,suarera01,23,PHI,NL,19,3,2,0,1,0,0,0,0,0,0,0,1,1,0,0,1,0,0
Jesus Sucre,sucreje01,31,BAL,AL,20,67,62,3,13,2,0,0,3,0,0,4,13,15,1,1,0,0,0
Wander Suero,suerowa01,27,WSN,NL,55,1,1,0,0,0,0,0,0,0,0,0,1,0,0,0,0,0,0
Ichiro Suzuki*,suzukic01,45,SEA,AL,2,6,5,0,0,0,0,0,0,0,0,1,1,0,0,0,0,0,0
Kurt Suzuki,suzukku01,35,WSN,NL,70,257,233,28,63,9,0,13,47,0,1,17,31,111,7,4,0,3,1
Dansby Swanson,swansda01,25,ATL,NL,100,431,385,64,102,21,3,17,57,7,4,36,88,180,7,4,1,5,1
Erik Swanson,swanser01,25,SEA,AL,1,2,2,0,0,0,0,0,0,0,0,0,1,0,0,0,0,0,0
Noah Syndergaard*,syndeno01,26,NYM,NL,22,55,51,6,6,1,0,2,2,0,0,3,37,13,0,0,1,0,0
Jameson Taillon,taillja01,27,PIT,NL,6,11,8,0,2,0,0,0,0,0,0,0,3,2,0,0,3,0,0
Masahiro Tanaka,tanakma01,30,NYY,AL,1,1,1,0,0,0,0,0,0,0,0,0,0,0,0,0,0,0,0
Raimel Tapia*,tapiara01,25,COL,NL,112,371,351,46,101,22,5,8,37,5,3,20,80,157,2,0,0,0,0
Dillon Tate,tatedi01,25,BAL,AL,1,0,0,0,0,0,0,0,0,0,0,0,0,0,0,0,0,0,0
Fernando Tatis Jr.,tatisfe02,20,SDP,NL,84,372,334,61,106,13,6,22,53,16,6,30,110,197,4,5,0,3,1
Mike Tauchman*,tauchmi01,28,NYY,AL,71,238,211,41,61,16,1,12,42,5,0,27,60,115,7,0,0,0,0
Beau Taylor*,taylobe11,29,OAK,AL,9,27,22,3,4,0,0,2,2,0,0,4,6,10,0,1,0,0,0
Chris Taylor,tayloch03,28,LAD,NL,90,298,261,33,68,20,3,8,41,7,0,29,81,118,5,2,2,4,2
Josh Taylor*,taylojo02,26,BOS,AL,1,0,0,0,0,0,0,0,0,0,0,0,0,0,0,0,0,0,0
Michael A. Taylor,taylomi02,28,WSN,NL,43,85,76,6,16,5,0,0,2,4,0,7,32,21,0,0,2,0,0
Julio Teheran,teherju01,28,ATL,NL,26,49,46,1,6,1,0,0,4,0,0,0,17,7,0,0,2,1,0
Ruben Tejada,tejadru01,29,NYM,NL,5,8,8,1,0,0,0,0,0,0,0,0,2,0,0,0,0,0,0
Rowdy Tellez*,tellero01,24,TOR,AL,81,297,273,34,62,13,0,14,40,1,1,18,83,117,8,4,0,2,3
Ryan Tepera,teperry01,31,TOR,AL,1,0,0,0,0,0,0,0,0,0,0,0,0,0,0,0,0,0,0
Matt Thaiss*,thaisma01,24,LAA,AL,29,98,88,13,18,3,0,6,18,0,0,10,32,39,2,0,0,0,0
Eric Thames*,thameer01,32,MIL,NL,113,338,289,49,73,17,1,17,48,3,1,41,104,143,0,6,0,2,3
Lane Thomas,thomala02,23,STL,NL,25,33,30,5,11,0,1,3,11,1,1,3,7,22,0,0,0,0,0
Tyler Thornburg,thornty01,30,BOS,AL,2,0,0,0,0,0,0,0,0,0,0,0,0,0,0,0,0,0,0
Trent Thornton,thorntr01,25,TOR,AL,1,3,3,2,2,0,0,0,0,0,0,0,0,2,0,0,0,0,0
Charlie Tilson*,tilsoch01,26,CHW,AL,54,157,144,16,33,5,0,1,12,4,0,10,38,41,1,3,0,0,1
Jesus Tinoco,tinocje01,24,COL,NL,9,4,4,1,1,0,0,0,0,0,0,0,3,1,0,0,0,0,0
Yasmany Tomas,tomasya01,28,ARI,NL,4,6,6,0,0,0,0,0,0,0,0,0,3,0,1,0,0,0,0
Josh Tomlin,tomlijo01,34,ATL,NL,37,6,6,0,0,0,0,0,0,0,0,0,3,0,0,0,0,0,0
Gleyber Torres,torregl01,22,NYY,AL,114,476,426,80,120,20,0,29,73,4,2,43,97,227,8,2,1,4,3
Touki Toussaint,toussto01,23,ATL,NL,23,10,9,0,0,0,0,0,0,0,0,0,7,0,0,0,1,0,0
Wilfredo Tovar,tovarwi01,27,LAA,AL,27,73,68,5,14,5,0,0,4,0,0,5,14,19,0,0,0,0,0
Sam Travis,travisa01,25,BOS,AL,37,107,98,15,26,4,0,6,15,2,0,8,24,48,3,0,0,1,1
Blake Treinen,treinbl01,31,OAK,AL,3,0,0,0,0,0,0,0,0,0,0,0,0,0,0,0,0,0,0
Jose Trevino,trevijo01,26,TEX,AL,10,27,27,2,5,0,0,0,2,0,0,0,9,5,1,0,0,0,0
Lou Trivino,trivilo01,27,OAK,AL,4,0,0,0,0,0,0,0,0,0,0,0,0,0,0,0,0,0,0
Mike Trout,troutmi01,27,LAA,AL,118,529,413,99,123,27,1,41,96,10,2,98,104,275,5,14,0,4,11
Cole Tucker#,tuckeco01,22,PIT,NL,41,123,113,11,22,8,0,2,10,0,0,8,34,36,1,1,1,0,1
Troy Tulowitzki,tulowtr01,34,NYY,AL,5,13,11,1,2,1,0,1,1,0,0,2,4,6,1,0,0,0,0
Spencer Turnbull,turnbsp01,26,DET,AL,3,8,8,1,0,0,0,0,0,0,0,0,7,0,0,0,0,0,0
Justin Turner,turneju01,34,LAD,NL,116,474,413,73,123,22,0,22,57,2,0,45,77,211,10,12,0,4,1
Trea Turner,turnetr01,26,WSN,NL,84,393,356,64,104,24,4,12,38,26,4,33,85,172,9,3,0,1,2
Duane Underwood Jr.,underdu01,24,CHC,NL,3,1,1,0,0,0,0,0,0,0,0,0,1,0,0,0,0,0,0
Justin Upton,uptonju01,31,LAA,AL,44,181,154,26,33,5,0,9,29,1,0,23,55,65,1,0,0,4,0
Jose Urena,urenajo01,27,MIA,NL,13,22,19,1,0,0,0,0,0,0,0,1,14,0,1,0,2,0,0
Richard Urena#,urenari01,23,TOR,AL,16,43,40,2,10,3,0,0,0,0,0,1,13,13,0,0,2,0,0
Julio Urias*,uriasju01,22,LAD,NL,26,18,12,0,3,0,0,0,2,0,0,1,4,3,0,0,5,0,0
Luis Urias,uriaslu01,22,SDP,NL,35,120,98,17,19,4,0,2,13,0,1,17,25,29,5,5,0,0,0
Jose Urquidy,urquijo01,24,HOU,AL,2,4,4,0,0,0,0,0,0,0,0,0,3,0,0,0,0,0,0
Gio Urshela,urshegi01,27,NYY,AL,105,377,348,63,117,29,0,18,66,1,1,21,62,200,12,4,0,4,0
Pat Valaika,valaipa01,26,COL,NL,26,53,47,6,6,1,0,1,2,0,0,6,21,10,1,0,0,0,0
Breyvic Valera#,valerbr01,27,NYY,AL,11,37,32,5,7,1,1,0,3,0,0,4,5,10,0,1,0,0,0
Josh VanMeter*,vanmejo01,24,CIN,NL,59,144,126,18,36,10,0,4,13,4,3,16,30,58,3,2,0,0,0
Ildemaro Vargas#,vargail01,27,ARI,NL,70,179,169,23,44,7,0,5,20,1,0,9,21,66,5,0,0,1,0
Andrew Vasquez*,vasquan02,25,MIN,AL,1,0,0,0,0,0,0,0,0,0,0,0,0,0,0,0,0,0,0
Christian Vazquez,vazquch01,28,BOS,AL,107,404,376,53,105,19,1,18,53,2,2,23,82,180,12,0,2,3,3
Felipe Vazquez*,riverfe01,27,PIT,NL,40,1,1,0,0,0,0,0,0,0,0,0,0,0,0,0,0,0,0
Vince Velasquez,velasvi01,27,PHI,NL,27,26,22,2,6,0,0,1,2,0,0,2,5,9,1,0,2,0,0
Andrew Velazquez#,velazan01,24,TBR,AL,10,12,12,2,1,1,0,0,0,0,0,0,6,2,0,0,0,0,0
Hector Velazquez,velazhe01,30,BOS,AL,3,1,1,0,0,0,0,0,0,0,0,0,1,0,0,0,0,0,0
Pat Venditte*,vendipa01,34,SFG,NL,2,0,0,0,0,0,0,0,0,0,0,0,0,0,0,0,0,0,0
Alex Verdugo*,verdual01,23,LAD,NL,106,377,343,43,101,22,2,12,44,4,1,26,49,163,8,2,0,6,1
Drew VerHagen,verhadr01,28,DET,AL,1,0,0,0,0,0,0,0,0,0,0,0,0,0,0,0,0,0,0
Justin Verlander,verlaju01,36,HOU,AL,1,2,2,0,0,0,0,0,0,0,0,0,1,0,1,0,0,0,0
Thyago Vieira,vieirth01,25,CHW,AL,1,0,0,0,0,0,0,0,0,0,0,0,0,0,0,0,0,0,0
Jonathan Villar#,villajo01,28,BAL,AL,124,539,482,82,132,28,4,15,54,28,7,50,132,213,8,3,2,2,0
Meibrys Viloria*,vilorme01,22,KCR,AL,17,63,59,3,13,4,0,1,8,0,0,4,19,20,2,0,0,0,0
Nick Vincent,vinceni01,32,SFG,NL,18,3,3,0,0,0,0,0,0,0,0,0,3,0,0,0,0,0,0
Arodys Vizcaino,vizcaar01,28,ATL,NL,4,0,0,0,0,0,0,0,0,0,0,0,0,0,0,0,0,0,0
Daniel Vogelbach*,vogelda01,26,SEA,AL,114,452,374,64,84,16,0,27,68,0,0,74,114,181,3,2,0,2,2
Stephen Vogt*,vogtst01,34,SFG,NL,72,197,178,20,50,20,2,6,22,0,1,16,45,92,0,1,0,2,0
Luke Voit,voitlu01,28,NYY,AL,94,416,349,60,97,16,1,19,54,0,0,58,114,172,10,8,0,1,2
Austin Voth,vothau01,27,WSN,NL,2,3,2,0,0,0,0,0,0,0,0,0,0,0,0,0,1,0,0
Joey Votto*,vottojo01,35,CIN,NL,113,486,424,60,111,25,1,12,39,4,0,57,100,174,10,3,0,2,2
Michael Wacha,wachami01,27,STL,NL,20,31,28,2,5,1,0,0,3,0,0,0,16,6,0,0,3,0,0
LaMonte Wade Jr*,wadela01,25,MIN,AL,2,4,2,1,0,0,0,0,0,0,1,1,0,0,0,1,0,0,0
Tyler Wade*,wadety01,24,NYY,AL,21,61,51,9,11,0,0,1,6,5,0,7,18,14,0,1,2,0,0
Adam Wainwright,wainwad01,37,STL,NL,21,43,36,4,5,1,0,0,2,0,0,2,14,6,0,0,4,1,0
Marcus Walden,waldema01,30,BOS,AL,1,1,1,0,0,0,0,0,0,0,0,0,1,0,0,0,0,0,0
Mitch Walding*,waldimi01,26,PHI,NL,2,2,2,0,0,0,0,0,0,0,0,0,2,0,0,0,0,0,0
Christian Walker,walkech02,28,ARI,NL,117,466,409,65,106,21,1,22,56,7,1,51,123,195,8,5,0,1,3
Jeremy Walker,walkeje02,24,ATL,NL,4,1,1,0,0,0,0,0,0,0,0,0,0,0,0,0,0,0,0
Neil Walker#,walkene01,33,MIA,NL,84,278,246,23,64,14,1,5,24,2,0,30,60,95,6,1,0,1,0
Chad Wallach,wallach01,27,MIA,NL,19,54,48,4,12,3,0,1,3,0,0,6,12,18,0,0,0,0,0
Jared Walsh*,walshja01,25,LAA,AL,15,40,38,3,9,2,0,0,2,0,0,2,16,11,0,0,0,0,1
Wei-Chung Wang*,wangwe01,27,OAK,AL,1,0,0,0,0,0,0,0,0,0,0,0,0,0,0,0,0,0,0
Taylor Ward,wardta01,25,LAA,AL,7,11,10,1,1,1,0,0,0,0,0,1,7,2,0,0,0,0,0
Adam Warren,warread01,31,SDP,NL,23,0,0,0,0,0,0,0,0,0,0,0,0,0,0,0,0,0,0
Tony Watson*,watsoto01,34,SFG,NL,50,0,0,0,0,0,0,0,0,0,0,0,0,0,0,0,0,0,0
Luke Weaver,weavelu01,25,ARI,NL,12,21,19,2,2,0,0,1,4,0,0,0,11,5,0,0,1,1,0
Jacob Webb,webbja01,25,ATL,NL,35,1,1,0,0,0,0,0,0,0,0,0,1,0,0,0,0,0,0
Logan Webb,webblo01,22,SFG,NL,1,2,1,0,0,0,0,0,0,0,0,1,0,0,0,0,0,0,0
Tyler Webb*,webbty01,28,STL,NL,42,0,0,0,0,0,0,0,0,0,0,0,0,0,0,0,0,0,0
Allen Webster,webstal01,29,CHC,NL,11,0,0,0,0,0,0,0,0,0,0,0,0,0,0,0,0,0,0
J.B. Wendelken,wendejb01,26,OAK,AL,2,0,0,0,0,0,0,0,0,0,0,0,0,0,0,0,0,0,0
Joey Wendle*,wendljo01,29,TBR,AL,46,157,141,14,29,10,0,0,10,4,1,8,29,39,2,6,0,2,0
Zack Wheeler*,wheelza01,29,NYM,NL,21,48,43,5,11,2,0,1,4,0,0,1,15,16,0,2,2,0,0
Rowan Wick*,wickro01,26,CHC,NL,16,0,0,0,0,0,0,0,0,0,0,0,0,0,0,0,0,0,0
Brad Wieck*,wieckbr01,27,SDP,NL,28,2,2,0,0,0,0,0,0,0,0,0,1,0,0,0,0,0,0
Matt Wieters#,wietema01,33,STL,NL,56,166,153,14,34,4,0,10,23,1,1,10,46,68,3,1,0,2,0
Aaron Wilkerson,wilkeaa01,30,MIL,NL,8,3,3,1,1,0,0,1,2,0,0,0,1,4,0,0,0,0,0
Stevie Wilkerson#,wilkest01,27,BAL,AL,87,284,266,33,59,14,1,10,32,2,3,13,91,105,4,4,0,1,0
Austen Williams,williau01,26,WSN,NL,2,0,0,0,0,0,0,0,0,0,0,0,0,0,0,0,0,0,0
Devin Williams,willide03,24,MIL,NL,3,1,1,0,0,0,0,0,0,0,0,0,1,0,0,0,0,0,0
Nick Williams*,willini01,25,PHI,NL,60,107,101,9,16,4,0,2,5,0,0,4,39,26,1,2,0,0,0
Taylor Williams#,willita01,27,MIL,NL,8,1,1,0,0,0,0,0,0,0,0,0,1,0,0,0,0,0,0
Trevor Williams,willitr01,27,PIT,NL,15,30,24,1,5,0,0,0,4,0,0,2,12,5,0,0,4,0,0
Alex Wilson,wilsoal01,32,MIL,NL,11,0,0,0,0,0,0,0,0,0,0,0,0,0,0,0,0,0,0
Bobby Wilson,wilsobo02,36,DET,AL,15,47,44,2,4,1,0,0,2,0,0,2,11,5,1,0,1,0,0
Bryse Wilson,wilsobr02,21,ATL,NL,5,8,8,0,2,0,0,0,0,0,0,0,5,2,0,0,0,0,0
Justin Wilson*,wilsoju10,31,NYM,NL,24,0,0,0,0,0,0,0,0,0,0,0,0,0,0,0,0,0,0
Trey Wingenter,wingetr01,25,SDP,NL,41,0,0,0,0,0,0,0,0,0,0,0,0,0,0,0,0,0,0
Jesse Winker*,winkeje01,25,CIN,NL,113,384,338,51,91,17,2,16,38,0,2,38,60,160,10,8,0,0,2
Dan Winkler,winklda01,29,ATL,NL,26,1,0,0,0,0,0,0,0,0,0,0,0,0,0,0,1,0,0
Patrick Wisdom,wisdopa01,27,TEX,AL,9,28,26,1,4,1,0,0,1,0,0,1,15,5,0,0,1,0,0
Nick Wittgren,wittgni01,28,CLE,AL,2,0,0,0,0,0,0,0,0,0,0,0,0,0,0,0,0,0,0
Tony Wolters*,wolteto01,27,COL,NL,92,322,285,36,80,15,2,1,30,0,1,25,49,102,7,5,2,5,4
Kolten Wong*,wongko01,28,STL,NL,120,434,376,44,104,20,1,9,44,16,2,40,63,153,1,11,3,4,5
Alex Wood,woodal02,28,CIN,NL,5,8,5,0,0,0,0,0,0,0,0,0,4,0,0,0,3,0,0
Brandon Woodruff*,woodrbr01,26,MIL,NL,23,49,45,1,12,4,0,0,4,0,0,1,20,16,0,0,3,0,0
Brandon Workman,workmbr01,30,BOS,AL,3,0,0,0,0,0,0,0,0,0,0,0,0,0,0,0,0,0,0
Kyle Wright,wrighky01,23,ATL,NL,4,6,6,0,0,0,0,0,0,0,0,0,4,0,0,0,0,0,0
Austin Wynns,wynnsau01,28,BAL,AL,16,47,43,3,10,1,0,0,3,0,0,3,7,11,1,0,1,0,0
Jimmy Yacabonis,yacabji01,27,BAL,AL,1,0,0,0,0,0,0,0,0,0,0,0,0,0,0,0,0,0,0
Jordan Yamamoto,yamamjo01,23,MIA,NL,13,22,18,0,1,0,0,0,1,0,0,0,7,1,1,0,4,0,0
Ryan Yarbrough,yarbrry01,27,TBR,AL,1,0,0,0,0,0,0,0,0,0,0,0,0,0,0,0,0,0,0
Mike Yastrzemski*,yastrmi01,28,SFG,NL,72,274,250,45,69,14,3,16,45,1,2,18,66,137,4,2,1,3,1
Kirby Yates*,yateski01,32,SDP,NL,48,0,0,0,0,0,0,0,0,0,0,0,0,0,0,0,0,0,0
Christian Yelich*,yelicch01,27,MIL,NL,110,491,421,87,141,24,3,41,89,24,2,61,100,294,8,6,0,3,15
Gabriel Ynoa,ynoaga01,26,BAL,AL,3,0,0,0,0,0,0,0,0,0,0,0,0,0,0,0,0,0,0
Huascar Ynoa,ynoahu01,21,ATL,NL,2,0,0,0,0,0,0,0,0,0,0,0,0,0,0,0,0,0,0
Alex Young*,youngal01,25,ARI,NL,8,13,13,1,1,0,0,0,0,0,0,0,10,1,0,0,0,0,0
Mark Zagunis,zagunma01,26,CHC,NL,30,40,36,2,9,3,0,0,5,0,0,4,16,12,1,0,0,0,0
Daniel Zamora*,zamorda01,26,NYM,NL,12,0,0,0,0,0,0,0,0,0,0,0,0,0,0,0,0,0,0
Seby Zavala,zavalse01,25,CHW,AL,5,12,12,1,1,0,0,0,0,0,0,0,9,1,0,0,0,0,0
Ryan Zimmerman,zimmery01,34,WSN,NL,33,132,118,12,29,8,0,3,15,0,0,12,27,46,1,0,0,2,0
Jordan Zimmermann,zimmejo02,33,DET,AL,1,2,2,0,0,0,0,0,0,0,0,0,2,0,0,0,0,0,0
Ben Zobrist#,zobribe01,38,CHC,NL,26,99,83,12,20,1,0,0,10,0,0,14,12,21,5,0,0,2,0
Mike Zunino,zuninmi01,28,TBR,AL,71,246,225,25,38,10,1,8,26,0,0,18,81,74,3,3,0,0,0
